shortName,longName
" South Ala. @ Tucson, Ariz.",South Ala. Jaguars
" Western Mich. @ Boise, Idaho",Western Mich. Broncos
@ Colorado St. ,Colorado St. Rams
@ Ohio ,Ohio Bobcats
@ Kent St. ,Kent St. Golden Flashes
 Toledo  ,Toledo  Rockets
 Kent St. ,Kent St. Golden Flashes
" Clemson @ Tampa, Florida",Clemson Tigers
" Clemson @ Glendale, Ariz.",Clemson Tigers
" Oklahoma  @ New Orleans, La.",Oklahoma  Sooners
 Ohio St. ,Ohio St. Buckeyes
 Idaho  ,Idaho  Vandals
@ New Mexico St. ,New Mexico St. Aggies
 Western Caro. ,Western Caro. Catamounts
@ South Ala. ,South Ala. Jaguars
" West Virginia  @ Phoenix, Ariz.",West Virginia  Mountaineers
 Arizona  ,Arizona  Wildcats
 Washington  ,Washington  Huskies
@ Washington St. ,Washington St. Cougars
 Oregon  ,Oregon  Ducks
@ Utah  ,Utah  Utes
 Colorado  ,Colorado  Buffaloes
@ UCLA ,UCLA Bruins
 Southern California ,Southern California Trojans
 Cal Poly ,Cal Poly Mustangs
Arizona St. ,Arizona St. Sun Devils
Arizona St. ,Arizona St. Sun Devils
Arizona St. ,Arizona St. Sun Devils
Arizona St. ,Arizona St. Sun Devils
@ Idaho  ,Idaho  Vandals
 Troy ,Troy Trojans
 Ga. Southern ,Ga. Southern Eagles
@ Georgia St. ,Georgia St. Panthers
@ Old Dominion ,Old Dominion Monarchs
 Howard ,Howard Bison
@ Wofford ,Wofford Terriers
@ Georgia  ,Georgia  Bulldogs
 Ga. Southern ,Ga. Southern Eagles
@ Furman ,Furman Paladins
 Samford ,Samford Bulldogs
@ The Citadel ,The Citadel Bulldogs
 Charleston So. ,Charleston So. Buccaneers
@ Elon ,Elon Phoenix
 N.C. A&T ,N.C. A&T Aggies
@ Montana  ,Montana  Grizzlies
 La.-Monroe ,La.-Monroe Warhawks
@ Troy ,Troy Trojans
 Texas St. ,Texas St. Bobcats
@ Ga. Southern ,Ga. Southern Eagles
 Idaho  ,Idaho  Vandals
@ Louisiana ,Louisiana Ragin' Cajuns
 Miami (FL) ,Miami (FL) Hurricanes
 Old Dominion ,Old Dominion Monarchs
@ Louisiana ,Louisiana Ragin' Cajuns
@ Arkansas St. ,Arkansas St. Red Wolves
 La.-Monroe ,La.-Monroe Warhawks
@ Troy ,Troy Trojans
 Liberty  ,Liberty  Flames
 South Ala. ,South Ala. Jaguars
@ Ga. Southern ,Ga. Southern Eagles
 Campbell  ,Campbell  Fighting Camels
@ Michigan  ,Michigan  Wolverines
Appalachian St. ,Appalachian St. Mountaineers
Appalachian St. ,Appalachian St. Mountaineers
Appalachian St. ,Appalachian St. Mountaineers
Appalachian St. ,Appalachian St. Mountaineers
 Auburn ,Auburn Tigers
 Western Caro. ,Western Caro. Catamounts
 Mississippi St. ,Mississippi St. Bulldogs
@ LSU ,LSU Fighting Tigers
@ Tennessee  ,Tennessee  Volunteers
 Texas A&M ,Texas A&M Aggies
@ Arkansas  ,Arkansas  Razorbacks
@ Ole Miss ,Ole Miss Rebels
 Florida  ,Florida  Gators
 Southern Miss.  ,Southern Miss.  Golden Eagles
 Fla. Atlantic ,Fla. Atlantic Owls
" West Virginia  @ Atlanta, Georgia",West Virginia  Mountaineers
" Florida  @ Atltana, Ga.",Florida  Gators
@ Auburn ,Auburn Tigers
 Charleston So. ,Charleston So. Buccaneers
@ Mississippi St. ,Mississippi St. Bulldogs
 Tennessee  ,Tennessee  Volunteers
@ Texas A&M ,Texas A&M Aggies
 Arkansas  ,Arkansas  Razorbacks
@ Georgia  ,Georgia  Bulldogs
 La.-Monroe ,La.-Monroe Warhawks
 Ole Miss ,Ole Miss Rebels
 Middle Tenn. ,Middle Tenn. Blue Raiders
" Wisconsin @ Arlington, Texas",Wisconsin Badgers
@ Auburn ,Auburn Tigers
 Chattanooga  ,Chattanooga  Mocs
@ Mississippi St. ,Mississippi St. Bulldogs
 LSU ,LSU Fighting Tigers
 Tennessee  ,Tennessee  Volunteers
 Arkansas  ,Arkansas  Razorbacks
@ Kentucky  ,Kentucky  Wildcats
 Georgia St. ,Georgia St. Panthers
 Ole Miss ,Ole Miss Rebels
@ Texas A&M ,Texas A&M Aggies
" Virginia Tech @ Atlanta, Georgia",Virginia Tech Hokies
" Washington  @ Atlanta, Georgia",Washington  Huskies
" Florida  @ Atlanta, Ga.",Florida  Gators
 Auburn ,Auburn Tigers
 Chattanooga  ,Chattanooga  Mocs
 Mississippi St. ,Mississippi St. Bulldogs
@ LSU ,LSU Fighting Tigers
 Texas A&M ,Texas A&M Aggies
@ Tennessee  ,Tennessee  Volunteers
@ Arkansas  ,Arkansas  Razorbacks
 Kentucky  ,Kentucky  Wildcats
@ Ole Miss ,Ole Miss Rebels
 Western Ky. ,Western Ky. Hilltoppers
" Southern California @ Arlington, Texas",Southern California Trojans
Alabama  ,Alabama  Crimson Tide
Alabama  ,Alabama  Crimson Tide
Alabama  ,Alabama  Crimson Tide
Alabama  ,Alabama  Crimson Tide
Alabama  ,Alabama  Crimson Tide
 Buffalo  ,Buffalo  Bulls
@ Miami (OH) ,Miami (OH) RedHawks
@ Massachusetts  ,Massachusetts  Minutemen
@ Bowling Green  ,Bowling Green  Falcons
@ Eastern Mich. ,Eastern Mich. Eagles
 Ohio ,Ohio Bobcats
@ Louisiana ,Louisiana Ragin' Cajuns
 Savannah St. ,Savannah St. Tigers
 Pittsburgh  ,Pittsburgh  Panthers
@ Oklahoma  ,Oklahoma  Sooners
@ Massachusetts  ,Massachusetts  Minutemen
 Kent St. ,Kent St. Golden Flashes
 Ball St. ,Ball St. Cardinals
@ Miami (OH) ,Miami (OH) RedHawks
 Ohio ,Ohio Bobcats
@ Bowling Green  ,Bowling Green  Falcons
 Louisiana ,Louisiana Ragin' Cajuns
@ Michigan  ,Michigan  Wolverines
 James Madison ,James Madison Dukes
@ UCF ,UCF Knights
 Massachusetts  ,Massachusetts  Minutemen
@ Buffalo  ,Buffalo  Bulls
 Bowling Green  ,Bowling Green  Falcons
@ Ball St. ,Ball St. Cardinals
@ Ohio ,Ohio Bobcats
 Miami (OH) ,Miami (OH) RedHawks
 Eastern Mich. ,Eastern Mich. Eagles
@ Pittsburgh  ,Pittsburgh  Panthers
@ Penn St. ,Penn St. Nittany Lions
 Howard ,Howard Bison
 Bowling Green  ,Bowling Green  Falcons
 Toledo  ,Toledo  Rockets
@ Buffalo  ,Buffalo  Bulls
@ Ball St. ,Ball St. Cardinals
 Western Mich. ,Western Mich. Broncos
 Miami (OH) ,Miami (OH) RedHawks
@ Kent St. ,Kent St. Golden Flashes
 Appalachian St. ,Appalachian St. Mountaineers
@ Marshall  ,Marshall  Thundering Herd
@ Wisconsin ,Wisconsin Badgers
 VMI ,VMI Keydets
Akron  ,Akron  Zips
Akron  ,Akron  Zips
Akron  ,Akron  Zips
Akron  ,Akron  Zips
Akron  ,Akron  Zips
 UNLV ,UNLV Rebels
@ New Mexico  ,New Mexico  Lobos
 Army West Point ,Army West Point Black Knights
 Notre Dame ,Notre Dame Fighting Irish
 San Diego St. ,San Diego St. Aztecs
@ Navy ,Navy Midshipmen
@ Nevada  ,Nevada  Wolf Pack
 Wyoming  ,Wyoming  Cowboys
@ Boise St. ,Boise St. Broncos
 Utah St. ,Utah St. Aggies
 Colgate ,Colgate Raiders
 Colorado St. ,Colorado St. Rams
@ San Diego St. ,San Diego St. Aztecs
 Nevada  ,Nevada  Wolf Pack
@ UNLV ,UNLV Rebels
@ Army West Point ,Army West Point Black Knights
 New Mexico  ,New Mexico  Lobos
@ Utah St. ,Utah St. Aggies
 Navy ,Navy Midshipmen
 Boise St. ,Boise St. Broncos
@ Georgia St. ,Georgia St. Panthers
@ Wyoming  ,Wyoming  Cowboys
 Nicholls St. ,Nicholls St. Colonels
 Boise St. ,Boise St. Broncos
@ San Jose St. ,San Jose St. Spartans
 Colorado St. ,Colorado St. Rams
@ Army West Point ,Army West Point Black Knights
@ Fresno St. ,Fresno St. Bulldogs
 Hawaii  ,Hawaii  Rainbow Warriors
" New Mexico  @ Dallas, Texas",New Mexico  Lobos
@ Wyoming  ,Wyoming  Cowboys
 Navy ,Navy Midshipmen
@ Utah St. ,Utah St. Aggies
 Georgia St. ,Georgia St. Panthers
 Abilene Christian ,Abilene Christian Wildcats
@ San Diego St. ,San Diego St. Aztecs
@ New Mexico  ,New Mexico  Lobos
@ Boise St. ,Boise St. Broncos
 Utah St. ,Utah St. Aggies
 Army West Point ,Army West Point Black Knights
@ Hawaii  ,Hawaii  Rainbow Warriors
 Fresno St. ,Fresno St. Bulldogs
@ Colorado St. ,Colorado St. Rams
 Wyoming  ,Wyoming  Cowboys
@ Navy ,Navy Midshipmen
@ Michigan St. ,Michigan St. Spartans
 San Jose St. ,San Jose St. Spartans
 Morgan St. ,Morgan St. Bears
Air Force ,Air Force Falcons
Air Force ,Air Force Falcons
Air Force ,Air Force Falcons
Air Force ,Air Force Falcons
Air Force ,Air Force Falcons
@ Arizona  ,Arizona  Wildcats
" Duke @ El Paso, Texas",Duke Blue Devils
 Oregon St. ,Oregon St. Beavers
@ Oregon St. ,Oregon St. Beavers
@ Oregon  ,Oregon  Ducks
@ UTSA ,UTSA Roadrunners
" Boston College @ Shreveport, La.",Boston College Eagles
 Oregon  ,Oregon  Ducks
 Washington St. ,Washington St. Cougars
 UCLA ,UCLA Bruins
@ California  ,California  Golden Bears
@ Colorado  ,Colorado  Buffaloes
 Utah  ,Utah  Utes
@ Southern California ,Southern California Trojans
@ Washington  ,Washington  Huskies
" Texas  @ Houston, Texas",Texas  Longhorns
" Georgia  @ Little Rock, Ark.",Georgia  Bulldogs
 Northern Ill. ,Northern Ill. Huskies
Arkansas  ,Arkansas  Razorbacks
 UTSA ,UTSA Roadrunners
 Northern Ariz. ,Northern Ariz. Lumberjacks
 Stanford ,Stanford Cardinal
 Grambling ,Grambling Tigers
" BYU @ Glendale, Ariz.",BYU Cougars
@ Stanford ,Stanford Cardinal
 Northern Ariz. ,Northern Ariz. Lumberjacks
@ Nevada  ,Nevada  Wolf Pack
 UTSA ,UTSA Roadrunners
Arizona  ,Arizona  Wildcats
Arizona  ,Arizona  Wildcats
@ Arizona  ,Arizona  Wildcats
 Washington St. ,Washington St. Cougars
@ Oregon St. ,Oregon St. Beavers
 Notre Dame ,Notre Dame Fighting Irish
 Utah  ,Utah  Utes
@ Washington  ,Washington  Huskies
 Stanford ,Stanford Cardinal
@ Southern California ,Southern California Trojans
 UCLA ,UCLA Bruins
@ Colorado  ,Colorado  Buffaloes
 Weber St. ,Weber St. Wildcats
 Utah  ,Utah  Utes
@ Oregon  ,Oregon  Ducks
 Washington St. ,Washington St. Cougars
@ Colorado  ,Colorado  Buffaloes
 UCLA ,UCLA Bruins
 California  ,California  Golden Bears
@ UTSA ,UTSA Roadrunners
 Texas Tech ,Texas Tech Red Raiders
 Northern Ariz. ,Northern Ariz. Lumberjacks
 South Carolina  ,South Carolina  Gamecocks
" Kansas St. @ Memphis, Tenn.",Kansas St. Wildcats
" Virginia Tech @ Charlotte, NC",Virginia Tech Hokies
" UCF @ Orlando, Fla.",UCF Knights
" Toledo  @ Mobile, Ala.",Toledo  Rockets
@ Hawaii  ,Hawaii  Rainbow Warriors
 Morgan St. ,Morgan St. Bears
" Notre Dame @ San Antonio, Texas",Notre Dame Fighting Irish
 Fordham ,Fordham Rams
@ Western Ky. ,Western Ky. Hilltoppers
" UConn @ Bronx, N.Y.","UConn Huskies, UConn"
 Rice ,Rice Owls
@ Yale ,"Yale Elis, Bulldogs"
@ Wake Forest ,Wake Forest Demon Deacons
@ Wake Forest ,Wake Forest Demon Deacons
 North Texas ,North Texas Mean Green
 Rutgers ,Rutgers Scarlet Knights
 Tulane ,Tulane Green Wave
@ Rice ,Rice Owls
 Bucknell ,Bucknell Bison
 Duke ,Duke Blue Devils
@ Penn St. ,Penn St. Nittany Lions
 Wake Forest ,Wake Forest Demon Deacons
@ UConn ,"UConn Huskies, UConn"
 Fordham ,Fordham Rams
 Lafayette  ,Lafayette  Leopards
@ Duke ,Duke Blue Devils
@ UTEP ,UTEP Miners
 Rice ,Rice Owls
@ Temple  ,Temple  Owls
 Western Ky. ,Western Ky. Hilltoppers
@ Temple  ,Temple  Owls
 Eastern Mich. ,Eastern Mich. Eagles
" Louisiana Tech @ Dallas, Texas",Louisiana Tech Bulldogs
 Wake Forest ,Wake Forest Demon Deacons
 Stanford ,Stanford Cardinal
 Morgan St. ,Morgan St. Bears
Army West Point ,Army West Point Black Knights
 New Mexico St. ,New Mexico St. Aggies
@ Texas St. ,Texas St. Bobcats
@ Miami (FL) ,Miami (FL) Hurricanes
 Montana St. ,Montana St. Bobcats
 Central Ark. ,Central Ark. Bears
Arkansas St. ,Arkansas St. Red Wolves
Arkansas St. ,Arkansas St. Red Wolves
@ Missouri  ,Missouri  Tigers
 Alcorn ,Alcorn Braves
@ TCU ,TCU Horned Frogs
 Louisiana Tech ,Louisiana Tech Bulldogs
 UT Martin ,UT Martin Skyhawks
 Texas Tech ,Texas Tech Red Raiders
 Toledo  ,Toledo  Rockets
 UTEP ,UTEP Miners
@ Rutgers ,Rutgers Scarlet Knights
 Southern Miss.  ,Southern Miss.  Golden Eagles
" Florida St. @ Pasadena, Calif.",Florida St. Seminoles
" Oklahoma  @ New Orleans, La.",Oklahoma  Sooners
@ Wisconsin ,Wisconsin Badgers
" Memphis  @ Birmingham, Ala.",Memphis  Tigers
@ Kentucky  ,Kentucky  Wildcats
" Memphis  @ Miami, Fla.",Memphis  Tigers
 Savannah St. ,Savannah St. Tigers
@ Middle Tenn. ,Middle Tenn. Blue Raiders
@ UCF ,UCF Knights
 Virginia  ,Virginia  Cavaliers
 Houston  ,Houston  Cougars
BYU ,BYU Cougars
BYU ,BYU Cougars
 Idaho St. ,Idaho St. Bengals
@ Wisconsin ,Wisconsin Badgers
@ Houston  ,Houston  Cougars
 Middle Tenn. ,Middle Tenn. Blue Raiders
 Texas  ,Texas  Longhorns
@ Virginia  ,Virginia  Cavaliers
BYU ,BYU Cougars
BYU ,BYU Cougars
 Jacksonville St. ,Jacksonville St. Gamecocks
" Louisville  @ Atlanta, Georgia",Louisville  Cardinals
 Samford ,Samford Bulldogs
 South Carolina  ,South Carolina  Gamecocks
 Louisiana Tech ,Louisiana Tech Bulldogs
@ Kansas St. ,Kansas St. Wildcats
 San Jose St. ,San Jose St. Spartans
 Alabama A&M ,Alabama A&M Bulldogs
@ Georgia  ,Georgia  Bulldogs
 Vanderbilt ,Vanderbilt Commodores
" Missouri  @ Atlanta, GA",Missouri  Tigers
 Fla. Atlantic ,Fla. Atlantic Owls
Auburn ,Auburn Tigers
Auburn ,Auburn Tigers
 Massachusetts  ,Massachusetts  Minutemen
 Wagner ,Wagner Seahawks
@ Western Mich. ,Western Mich. Broncos
 Eastern Mich. ,Eastern Mich. Eagles
@ Western Mich. ,Western Mich. Broncos
" North Carolina  @ Orlando, Fla.",North Carolina  Tar Heels
@ TCU ,TCU Horned Frogs
@ Oklahoma St. ,Oklahoma St. Cowboys
@ Kansas  ,Kansas  Jayhawks
 Kansas St. ,Kansas St. Wildcats
@ Texas  ,Texas  Longhorns
 Kansas  ,Kansas  Jayhawks
@ Iowa St. ,Iowa St. Cyclones
" Michigan St. @ Arlington, Texas",Michigan St. Spartans
 Oklahoma St. ,Oklahoma St. Cowboys
@ Oklahoma  ,Oklahoma  Sooners
 Kansas  ,Kansas  Jayhawks
 TCU ,TCU Horned Frogs
@ Iowa St. ,Iowa St. Cyclones
 Northwestern St.  ,Northwestern St.  Demons
 SMU ,SMU Mustangs
 Oklahoma St. ,Oklahoma St. Cowboys
 SMU ,SMU Mustangs
 Northwestern St.  ,Northwestern St.  Demons
 Iowa St. ,Iowa St. Cyclones
@ Kansas St. ,Kansas St. Wildcats
 West Virginia  ,West Virginia  Mountaineers
 La.-Monroe ,La.-Monroe Warhawks
 Buffalo  ,Buffalo  Bulls
 Texas  ,Texas  Longhorns
@ TCU ,TCU Horned Frogs
@ Oklahoma St. ,Oklahoma St. Cowboys
 Iowa St. ,Iowa St. Cyclones
@ Kansas  ,Kansas  Jayhawks
 Lamar University ,Lamar University Cardinals
@ SMU ,SMU Mustangs
Baylor ,Baylor Bears
Baylor ,Baylor Bears
Baylor ,Baylor Bears
Baylor ,Baylor Bears
Baylor ,Baylor Bears
@ North Texas ,North Texas Mean Green
 Illinois St. ,Illinois St. Redbirds
@ Central Mich. ,Central Mich. Chippewas
 Northern Ill. ,Northern Ill. Huskies
@ Fla. Atlantic ,Fla. Atlantic Owls
 Eastern Ky. ,Eastern Ky. Colonels
@ Indiana  ,Indiana  Hoosiers
@ Northern Ill. ,Northern Ill. Huskies
@ Northwestern ,Northwestern Wildcats
 VMI ,VMI Keydets
 Indiana St. ,Indiana St. Sycamores
@ Iowa  ,Iowa  Hawkeyes
 Colgate ,Colgate Raiders
Ball St. ,Ball St. Cardinals
Ball St. ,Ball St. Cardinals
 Cincinnati  ,Cincinnati  Bearcats
@ Michigan  ,Michigan  Wolverines
@ Nebraska  ,"Nebraska  Cornhuskers, Huskers"
 Southern Utah ,Southern Utah Thunderbirds
@ Cincinnati  ,Cincinnati  Bearcats
@ Michigan St. ,Michigan St. Spartans
" West Virginia  @ Landover, Md.",West Virginia  Mountaineers
 Fresno St. ,Fresno St. Bulldogs
@ UNLV ,UNLV Rebels
" Oregon St. @ Honolulu, O'ahu",Oregon St. Beavers
 UNLV ,UNLV Rebels
" Maryland  @ Detroit, MI","Maryland  Terrapins, Terps"
@ Syracuse  ,Syracuse  Orange
@ Syracuse  ,Syracuse  Orange
" Notre Dame @ Boston, Mass.",Notre Dame Fighting Irish
 Syracuse  ,Syracuse  Orange
" Pittsburgh  @ Detroit, Mich.",Pittsburgh  Panthers
 Murray St. ,Murray St. Racers
@ Indiana  ,Indiana  Hoosiers
 Tulsa  ,Tulsa  Golden Hurricane
Bowling Green  ,Bowling Green  Falcons
@ Florida St. ,Florida St. Seminoles
 Indiana  ,Indiana  Hoosiers
 VMI ,VMI Keydets
@ Virginia Tech ,Virginia Tech Hokies
 Clemson ,Clemson Tigers
@ NC State ,NC State Wolfpack
 Maine  ,Maine  Black Bears
 NC State ,NC State Wolfpack
 Virginia Tech ,Virginia Tech Hokies
 Florida St. ,Florida St. Seminoles
 Maine  ,Maine  Black Bears
@ Maryland  ,"Maryland  Terrapins, Terps"
 NC State ,NC State Wolfpack
@ New Mexico St. ,New Mexico St. Aggies
@ North Carolina  ,North Carolina  Tar Heels
@ Clemson ,Clemson Tigers
 Villanova ,Villanova Wildcats
 UConn ,"UConn Huskies, UConn"
@ Florida St. ,Florida St. Seminoles
 Louisville  ,Louisville  Cardinals
@ NC State ,NC State Wolfpack
 Syracuse  ,Syracuse  Orange
 Wagner ,Wagner Seahawks
" Georgia Tech @ Dublin, Ireland",Georgia Tech Yellow Jackets
Boston College ,Boston College Eagles
Boston College ,Boston College Eagles
Boston College ,Boston College Eagles
Boston College ,Boston College Eagles
@ Fresno St. ,Fresno St. Bulldogs
 UT Martin ,UT Martin Skyhawks
@ Virginia  ,Virginia  Cavaliers
 Idaho St. ,Idaho St. Bengals
Boise St. ,Boise St. Broncos
@ Memphis  ,Memphis  Tigers
@ Purdue ,Purdue Boilermakers
 UConn ,"UConn Huskies, UConn"
@ Fla. Atlantic ,Fla. Atlantic Owls
@ Nevada  ,Nevada  Wolf Pack
 Norfolk St. ,Norfolk St. Spartans
@ San Diego St. ,San Diego St. Aztecs
California  ,California  Golden Bears
" Tulsa  @ Miami, Fla.",Tulsa  Golden Hurricane
@ Southern Miss.  ,Southern Miss.  Golden Eagles
@ FIU ,FIU Panthers
 Morehead St. ,Morehead St. Eagles
 East Carolina ,East Carolina Pirates
 South Fla. ,South Fla. Bulls
@ South Fla. ,South Fla. Bulls
 Tulsa  ,Tulsa  Golden Hurricane
@ Houston  ,Houston  Cougars
 UCF ,UCF Knights
 Miami (FL) ,Miami (FL) Hurricanes
 Alabama A&M ,Alabama A&M Bulldogs
 SMU ,SMU Mustangs
@ Memphis  ,Memphis  Tigers
 Northwestern St.  ,Northwestern St.  Demons
@ Illinois  ,Illinois  Fighting Illini
 Houston  ,Houston  Cougars
@ Purdue ,Purdue Boilermakers
 UT Martin ,UT Martin Skyhawks
Cincinnati  ,Cincinnati  Bearcats
Cincinnati  ,Cincinnati  Bearcats
Cincinnati  ,Cincinnati  Bearcats
 Wesley ,Wesley Wolverines
 Coastal Caro. ,Coastal Caro. Chanticleers
 James Madison ,James Madison Dukes
@ The Citadel ,The Citadel Bulldogs
@ Gardner-Webb ,Gardner-Webb Runnin' Bulldogs
 Charleston So. ,Charleston So. Buccaneers
@ Elon ,Elon Phoenix
@ N.C. Central ,N.C. Central Eagles
 Johnson C. Smith ,Johnson C. Smith Golden Bulls
 Marshall  ,Marshall  Thundering Herd
 Southern Miss.  ,Southern Miss.  Golden Eagles
 Temple  ,Temple  Owls
 Presbyterian ,Presbyterian Blue Hose
 FIU ,FIU Panthers
 Elon ,Elon Phoenix
Charlotte ,Charlotte 49ers
Charlotte ,Charlotte 49ers
Charlotte ,Charlotte 49ers
Charlotte ,Charlotte 49ers
Charlotte ,Charlotte 49ers
@ Virginia  ,Virginia  Cavaliers
 Presbyterian ,Presbyterian Blue Hose
Central Mich. ,Central Mich. Chippewas
 Northwestern ,Northwestern Wildcats
 Duquesne ,Duquesne Dukes
 Albany (NY) ,Albany (NY) Great Danes
 Albany (NY) ,Albany (NY) Great Danes
 Stony Brook ,Stony Brook Seawolves
@ Ohio St. ,Ohio St. Buckeyes
Buffalo  ,Buffalo  Bulls
@ Maryland  ,"Maryland  Terrapins, Terps"
 Middle Tenn. ,Middle Tenn. Blue Raiders
 North Dakota ,North Dakota Fighting Hawks
@ Ohio St. ,Ohio St. Buckeyes
@ Temple  ,Temple  Owls
@ Georgia Tech ,Georgia Tech Yellow Jackets
 South Carolina St. ,South Carolina St. Bulldogs
 South Carolina  ,South Carolina  Gamecocks
@ South Carolina  ,South Carolina  Gamecocks
 Hampton  ,Hampton  Pirates
@ Michigan  ,Michigan  Wolverines
 Nicholls St. ,Nicholls St. Colonels
 Idaho St. ,Idaho St. Bengals
Colorado  ,Colorado  Buffaloes
 Liberty  ,Liberty  Flames
 Bryant ,Bryant Bulldogs
 Monmouth ,Monmouth Hawks
 Central Conn. St. ,Central Conn. St. Blue Devils
@ Gardner-Webb ,Gardner-Webb Runnin' Bulldogs
 Charleston So. ,Charleston So. Buccaneers
 Hawaii  ,Hawaii  Rainbow Warriors
 Furman ,Furman Paladins
@ Jacksonville St. ,Jacksonville St. Gamecocks
 Florida A&M ,Florida A&M Rattlers
@ Lamar University ,Lamar University Cardinals
Coastal Caro. ,Coastal Caro. Chanticleers
Coastal Caro. ,Coastal Caro. Chanticleers
Coastal Caro. ,Coastal Caro. Chanticleers
Coastal Caro. ,Coastal Caro. Chanticleers
 Georgia Tech ,Georgia Tech Yellow Jackets
 Wofford ,Wofford Terriers
 Pittsburgh  ,Pittsburgh  Panthers
 South Carolina St. ,South Carolina St. Bulldogs
 North Carolina  ,North Carolina  Tar Heels
 South Carolina St. ,South Carolina St. Bulldogs
Clemson ,Clemson Tigers
 East Carolina ,East Carolina Pirates
@ Tulane ,Tulane Green Wave
 Central Ark. ,Central Ark. Bears
@ Minnesota  ,Minnesota  Golden Gophers
 Tulsa  ,Tulsa  Golden Hurricane
 Minnesota  ,Minnesota  Golden Gophers
 San Jose St. ,San Jose St. Spartans
 North Carolina  ,North Carolina  Tar Heels
@ Northwestern ,Northwestern Wildcats
" Indiana  @ Bronx, N.Y.",Indiana  Hoosiers
 Miami (FL) ,Miami (FL) Hurricanes
East Carolina ,East Carolina Pirates
 Western Caro. ,Western Caro. Catamounts
 UAB ,UAB Blazers
@ FIU ,FIU Panthers
Eastern Mich. ,Eastern Mich. Eagles
@ Old Dominion ,Old Dominion Monarchs
 Morgan St. ,Morgan St. Bears
@ Tulane ,Tulane Green Wave
 Old Dominion ,Old Dominion Monarchs
East Carolina ,East Carolina Pirates
 Troy ,Troy Trojans
 N.C. Central ,N.C. Central Eagles
 N.C. Central ,N.C. Central Eagles
 N.C. Central ,N.C. Central Eagles
Duke ,Duke Blue Devils
Duke ,Duke Blue Devils
 UTEP ,UTEP Miners
 Cal Poly ,Cal Poly Mustangs
 UC Davis ,UC Davis Aggies
 Northern Colo. ,Northern Colo. Bears
Colorado St. ,Colorado St. Rams
 Mississippi Val. ,Mississippi Val. Delta Devils
@ Penn St. ,Penn St. Nittany Lions
 Western Ky. ,Western Ky. Hilltoppers
 Bethune-Cookman ,Bethune-Cookman Wildcats
@ Louisiana Tech ,Louisiana Tech Bulldogs
@ North Texas ,North Texas Mean Green
 Southern Ill. ,Southern Ill. Salukis
@ Nebraska  ,"Nebraska  Cornhuskers, Huskers"
@ Rice ,Rice Owls
Fla. Atlantic ,Fla. Atlantic Owls
 Vanderbilt ,Vanderbilt Commodores
" Iowa  @ Tampa, Fla.",Iowa  Hawkeyes
 Eastern Ky. ,Eastern Ky. Colonels
 Chattanooga  ,Chattanooga  Mocs
 Texas St. ,Texas St. Bobcats
Florida St. ,Florida St. Seminoles
 Idaho  ,Idaho  Vandals
@ Vanderbilt ,Vanderbilt Commodores
 Kentucky  ,Kentucky  Wildcats
 New Mexico St. ,New Mexico St. Aggies
Florida  ,Florida  Gators
 Wagner ,Wagner Seahawks
 Bethune-Cookman ,Bethune-Cookman Wildcats
FIU ,FIU Panthers
FIU ,FIU Panthers
 Howard ,Howard Bison
 Abilene Christian ,Abilene Christian Wildcats
 Sacramento St. ,Sacramento St. Hornets
@ Nebraska  ,"Nebraska  Cornhuskers, Huskers"
 Southern Utah ,Southern Utah Thunderbirds
 Saint Francis (PA) ,Saint Francis (PA) The Red Flash
 Savannah St. ,Savannah St. Tigers
Ga. Southern ,Ga. Southern Eagles
Fresno St. ,Fresno St. Bulldogs
 The Citadel ,The Citadel Bulldogs
 Savannah St. ,Savannah St. Tigers
Georgia  ,Georgia  Bulldogs
 Southern U. ,Southern U. Jaguars
" Nebraska  @ Jacksonville, Fla.","Nebraska  Cornhuskers, Huskers"
 Nicholls St. ,Nicholls St. Colonels
 South Ala. ,South Ala. Jaguars
 Liberty  ,Liberty  Flames
@ Texas St. ,Texas St. Bobcats
 Jacksonville St. ,Jacksonville St. Gamecocks
Georgia St. ,Georgia St. Panthers
@ Vanderbilt ,Vanderbilt Commodores
 Mercer ,Mercer Bears
 Alcorn ,Alcorn Braves
 Wofford ,Wofford Terriers
Georgia Tech ,Georgia Tech Yellow Jackets
 Abilene Christian ,Abilene Christian Wildcats
 UC Davis ,UC Davis Aggies
@ Ohio St. ,Ohio St. Buckeyes
Hawaii  ,Hawaii  Rainbow Warriors
 UNI ,UNI Panthers
 Tennessee Tech ,Tennessee Tech Golden Eagles
 Grambling ,Grambling Tigers
 Southern U. ,Southern U. Jaguars
 Tulane ,Tulane Green Wave
Idaho  ,Idaho  Vandals
Houston  ,Houston  Cougars
 Montana St. ,Montana St. Bobcats
 Michigan St. ,Michigan St. Spartans
@ Iowa  ,Iowa  Hawkeyes
@ Northwestern ,Northwestern Wildcats
@ Rutgers ,Rutgers Scarlet Knights
 Minnesota  ,Minnesota  Golden Gophers
@ Rutgers ,Rutgers Scarlet Knights
 Maryland  ,"Maryland  Terrapins, Terps"
 Indiana St. ,Indiana St. Sycamores
Indiana  ,Indiana  Hoosiers
 Penn St. ,Penn St. Nittany Lions
 Southern Ill. ,Southern Ill. Salukis
 Murray St. ,Murray St. Racers
 Youngstown St. ,Youngstown St. Penguins
Iowa  ,Iowa  Hawkeyes
Iowa  ,Iowa  Hawkeyes
 Western Ill. ,Western Ill. Leathernecks
 Southern Ill. ,Southern Ill. Salukis
Illinois  ,Illinois  Fighting Illini
Illinois  ,Illinois  Fighting Illini
Illinois  ,Illinois  Fighting Illini
Illinois  ,Illinois  Fighting Illini
 North Dakota St. ,North Dakota St. Bison
 Missouri St. ,Missouri St. Bears
 North Texas ,North Texas Mean Green
 North Dakota St. ,North Dakota St. Bison
 UNI ,UNI Panthers
Iowa St. ,Iowa St. Cyclones
 UNI ,UNI Panthers
 Illinois St. ,Illinois St. Redbirds
 UNI ,UNI Panthers
 Southeast Mo. St. ,Southeast Mo. St. Redhawks
Kansas  ,Kansas  Jayhawks
 South Dakota St. ,South Dakota St. Jackrabbits
 Rhode Island  ,Rhode Island  Rams
 South Dakota  ,South Dakota  Coyotes
 North Dakota St. ,North Dakota St. Bison
Kansas St. ,Kansas St. Wildcats
 UTEP ,UTEP Miners
 SFA ,SFA Lumberjacks
 Missouri St. ,Missouri St. Bears
 South Dakota  ,South Dakota  Coyotes
 N.C. A&T ,N.C. A&T Aggies
Kent St. ,Kent St. Golden Flashes
 Delaware St. ,Delaware St. Hornets
 Liberty  ,Liberty  Flames
 UT Martin ,UT Martin Skyhawks
Kentucky  ,Kentucky  Wildcats
 Alabama St. ,Alabama St. Hornets
 Eastern Ky. ,Eastern Ky. Colonels
 Austin Peay ,Austin Peay Governors
 Sam Houston St. ,Sam Houston St. Bearkats
LSU ,LSU Fighting Tigers
La.-Monroe ,La.-Monroe Warhawks
 Southern U. ,Southern U. Jaguars
 Grambling ,Grambling Tigers
 Southern U. ,Southern U. Jaguars
Louisiana ,Louisiana Ragin' Cajuns
 McNeese ,McNeese Cowboys
 Northwestern St.  ,Northwestern St.  Demons
 Nicholls St. ,Nicholls St. Colonels
 Lamar University ,Lamar University Cardinals
Louisiana Tech ,Louisiana Tech Bulldogs
 Samford ,Samford Bulldogs
Louisville  ,Louisville  Cardinals
 Norfolk St. ,Norfolk St. Spartans
Marshall  ,Marshall  Thundering Herd
 Howard ,Howard Bison
Maryland  ,"Maryland  Terrapins, Terps"
 Richmond  ,Richmond  Spiders
Massachusetts  ,Massachusetts  Minutemen
 Maine  ,Maine  Black Bears
 Missouri St. ,Missouri St. Bears
Memphis  ,Memphis  Tigers
 Southeast Mo. St. ,Southeast Mo. St. Redhawks
 Austin Peay ,Austin Peay Governors
Miami (FL) ,Miami (FL) Hurricanes
 Florida A&M ,Florida A&M Rattlers
 Bethune-Cookman ,Bethune-Cookman Wildcats
Miami (OH) ,Miami (OH) RedHawks
 Eastern Ill. ,Eastern Ill. Panthers
Michigan St. ,Michigan St. Spartans
 Youngstown St. ,Youngstown St. Penguins
 Jacksonville St. ,Jacksonville St. Gamecocks
Michigan  ,Michigan  Wolverines
 Jackson St. ,Jackson St. Tigers
Middle Tenn. ,Middle Tenn. Blue Raiders
 Indiana St. ,Indiana St. Sycamores
Minnesota  ,Minnesota  Golden Gophers
 Western Ill. ,Western Ill. Leathernecks
 Alcorn ,Alcorn Braves
 Samford ,Samford Bulldogs
Mississippi St. ,Mississippi St. Bulldogs
 Delaware St. ,Delaware St. Hornets
Missouri  ,Missouri  Tigers
NC State ,NC State Wolfpack
 Presbyterian ,Presbyterian Blue Hose
 William & Mary ,William & Mary Tribe
 Delaware  ,Delaware  Blue Hens
Navy ,Navy Midshipmen
 Fordham ,Fordham Rams
 Colgate ,Colgate Raiders
 McNeese ,McNeese Cowboys
Nebraska  ,"Nebraska  Cornhuskers, Huskers"
 South Dakota St. ,South Dakota St. Jackrabbits
Nevada  ,Nevada  Wolf Pack
 Cal Poly ,Cal Poly Mustangs
 UC Davis ,UC Davis Aggies
 Mississippi Val. ,Mississippi Val. Delta Devils
New Mexico  ,New Mexico  Lobos
 South Dakota  ,South Dakota  Coyotes
New Mexico St. ,New Mexico St. Aggies
 Cal Poly ,Cal Poly Mustangs
 Abilene Christian ,Abilene Christian Wildcats
North Carolina  ,North Carolina  Tar Heels
 Delaware  ,Delaware  Blue Hens
 N.C. A&T ,N.C. A&T Aggies
 The Citadel ,The Citadel Bulldogs
 James Madison ,James Madison Dukes
 Portland St. ,Portland St. Vikings
North Texas ,North Texas Mean Green
 Bethune-Cookman ,Bethune-Cookman Wildcats
Northern Ill. ,Northern Ill. Huskies
 Murray St. ,Murray St. Racers
 Western Ill. ,Western Ill. Leathernecks
Northwestern ,Northwestern Wildcats
 Illinois St. ,Illinois St. Redbirds
 Western Ill. ,Western Ill. Leathernecks
 Eastern Ill. ,Eastern Ill. Panthers
Notre Dame ,Notre Dame Fighting Irish
Ohio ,Ohio Bobcats
 Austin Peay ,Austin Peay Governors
 Eastern Ill. ,Eastern Ill. Panthers
 Southeastern La. ,Southeastern La. Lions
Ohio St. ,Ohio St. Buckeyes
 Florida A&M ,Florida A&M Rattlers
Oklahoma  ,Oklahoma  Sooners
Oklahoma St. ,Oklahoma St. Cowboys
 Southeastern La. ,Southeastern La. Lions
 Central Ark. ,Central Ark. Bears
 Hampton  ,Hampton  Pirates
Old Dominion ,Old Dominion Monarchs
 Campbell  ,Campbell  Fighting Camels
Ole Miss ,Ole Miss Rebels
 Rhode Island  ,Rhode Island  Rams
@ Norfolk St. ,Norfolk St. Spartans
 Albany (NY) ,Albany (NY) Great Danes
 Missouri St. ,Missouri St. Bears
 Wofford ,Wofford Terriers
 Southeast Mo. St. ,Southeast Mo. St. Redhawks
 South Dakota  ,South Dakota  Coyotes
Oregon  ,Oregon  Ducks
Oregon  ,Oregon  Ducks
 UC Davis ,UC Davis Aggies
 Eastern Wash. ,Eastern Wash. Eagles
Oregon St. ,Oregon St. Beavers
 Weber St. ,Weber St. Wildcats
 Portland St. ,Portland St. Vikings
Penn St. ,Penn St. Nittany Lions
 Delaware  ,Delaware  Blue Hens
Pittsburgh  ,Pittsburgh  Panthers
 Youngstown St. ,Youngstown St. Penguins
 Villanova ,Villanova Wildcats
 Indiana St. ,Indiana St. Sycamores
Purdue ,Purdue Boilermakers
Rice ,Rice Owls
 Prairie View ,Prairie View Panthers
Rutgers ,Rutgers Scarlet Knights
SMU ,SMU Mustangs
 James Madison ,James Madison Dukes
 Montana St. ,Montana St. Bobcats
 New Hampshire  ,New Hampshire  Wildcats
 Northern Ariz. ,Northern Ariz. Lumberjacks
San Diego St. ,San Diego St. Aztecs
 Eastern Ill. ,Eastern Ill. Panthers
 San Diego  ,San Diego  Toreros
 North Dakota ,North Dakota Fighting Hawks
 Portland St. ,Portland St. Vikings
San Jose St. ,San Jose St. Spartans
 Sacramento St. ,Sacramento St. Hornets
 New Hampshire  ,New Hampshire  Wildcats
 Gardner-Webb ,Gardner-Webb Runnin' Bulldogs
South Ala. ,South Ala. Jaguars
 Southern Utah ,Southern Utah Thunderbirds
 Furman ,Furman Paladins
South Carolina  ,South Carolina  Gamecocks
 Florida A&M ,Florida A&M Rattlers
 Towson  ,Towson  Tigers
Southern California ,Southern California Trojans
South Fla. ,South Fla. Bulls
Southern Miss.  ,Southern Miss.  Golden Eagles
 Alcorn ,Alcorn Braves
 Austin Peay ,Austin Peay Governors
Stanford ,Stanford Cardinal
 Rhode Island  ,Rhode Island  Rams
 Wagner ,Wagner Seahawks
Syracuse  ,Syracuse  Orange
 Villanova ,Villanova Wildcats
 Colgate ,Colgate Raiders
 Southeastern La. ,Southeastern La. Lions
TCU ,TCU Horned Frogs
 South Dakota St. ,South Dakota St. Jackrabbits
 SFA ,SFA Lumberjacks
 Stony Brook ,Stony Brook Seawolves
 Delaware St. ,Delaware St. Hornets
Temple  ,Temple  Owls
 Fordham ,Fordham Rams
Tennessee  ,Tennessee  Volunteers
 Tennessee Tech ,Tennessee Tech Golden Eagles
 Chattanooga  ,Chattanooga  Mocs
 Western Caro. ,Western Caro. Catamounts
 Lamar University ,Lamar University Cardinals
Texas A&M ,Texas A&M Aggies
 Sam Houston St. ,Sam Houston St. Bearkats
Texas  ,Texas  Longhorns
 Incarnate Word ,Incarnate Word Cardinals
 Prairie View ,Prairie View Panthers
 Prairie View ,Prairie View Panthers
 Ark.-Pine Bluff ,Ark.-Pine Bluff Golden Lions
Texas St. ,Texas St. Bobcats
 SFA ,SFA Lumberjacks
 Sam Houston St. ,Sam Houston St. Bearkats
 New Hampshire  ,New Hampshire  Wildcats
Toledo  ,Toledo  Rockets
Texas Tech ,Texas Tech Red Raiders
 Maine  ,Maine  Black Bears
Troy ,Troy Trojans
Tulane ,Tulane Green Wave
 Southeastern La. ,Southeastern La. Lions
 Jackson St. ,Jackson St. Tigers
Tulsa  ,Tulsa  Golden Hurricane
 Furman ,Furman Paladins
UCF ,UCF Knights
UAB ,UAB Blazers
UCLA ,UCLA Bruins
UConn ,"UConn Huskies, UConn"
 Villanova ,Villanova Wildcats
 Stony Brook ,Stony Brook Seawolves
 Towson  ,Towson  Tigers
UNLV ,UNLV Rebels
 Jackson St. ,Jackson St. Tigers
 Northern Colo. ,Northern Colo. Bears
 Houston Baptist ,Houston Baptist Huskies
 Incarnate Word ,Incarnate Word Cardinals
UTEP ,UTEP Miners
UTSA ,UTSA Roadrunners
 Alabama St. ,Alabama St. Hornets
 Weber St. ,Weber St. Wildcats
Utah St. ,Utah St. Aggies
 Southern Utah ,Southern Utah Thunderbirds
 Weber St. ,Weber St. Wildcats
 Idaho St. ,Idaho St. Bengals
Utah  ,Utah  Utes
Vanderbilt ,Vanderbilt Commodores
 Tennessee St. ,Tennessee St. Tigers
 William & Mary ,William & Mary Tribe
 Richmond  ,Richmond  Spiders
 VMI ,VMI Keydets
Virginia  ,Virginia  Cavaliers
 Richmond  ,Richmond  Spiders
 William & Mary ,William & Mary Tribe
Virginia Tech ,Virginia Tech Hokies
 Delaware  ,Delaware  Blue Hens
Wake Forest ,Wake Forest Demon Deacons
 Presbyterian ,Presbyterian Blue Hose
 Elon ,Elon Phoenix
Washington  ,Washington  Huskies
 Sacramento St. ,Sacramento St. Hornets
 Eastern Wash. ,Eastern Wash. Eagles
Washington St. ,Washington St. Cougars
West Virginia  ,West Virginia  Mountaineers
 Towson  ,Towson  Tigers
 Youngstown St. ,Youngstown St. Penguins
 William & Mary ,William & Mary Tribe
Western Ky. ,Western Ky. Hilltoppers
Western Mich. ,Western Mich. Broncos
 Murray St. ,Murray St. Racers
Wisconsin ,Wisconsin Badgers
 Tennessee Tech ,Tennessee Tech Golden Eagles
Wyoming  ,Wyoming  Cowboys
 Northern Colo. ,Northern Colo. Bears
 Montana  ,Montana  Grizzlies
 North Dakota ,North Dakota Fighting Hawks
