Name,Year,Org,Division,Wins,Losses,Ties,WL,Notes
Troy Calhoun,2007-08,Air Force,FBS,9,4.0,0.0,0.6920000000000001,nan
Troy Calhoun,2008-09,Air Force,FBS,8,5.0,0.0,0.615,nan
Troy Calhoun,2009-10,Air Force,FBS,8,5.0,0.0,0.615,nan
Troy Calhoun,2010-11,Air Force,FBS,9,4.0,0.0,0.6920000000000001,nan
Troy Calhoun,2011-12,Air Force,FBS,7,6.0,0.0,0.5379999999999999,nan
Troy Calhoun,2012-13,Air Force,FBS,6,7.0,0.0,0.462,nan
Troy Calhoun,2013-14,Air Force,FBS,2,10.0,0.0,0.16699999999999998,nan
Troy Calhoun,2014-15,Air Force,FBS,10,3.0,0.0,0.769,nan
Troy Calhoun,2015-16,Air Force,FBS,8,6.0,0.0,0.5710000000000001,nan
Troy Calhoun,2016-17,Air Force,FBS,10,3.0,0.0,0.769,nan
Troy Calhoun,2017-18,Air Force,FBS,5,7.0,0.0,0.41700000000000004,nan
,1983-84,Salem (WV),D-II,3,7.0,0.0,.300,nan
,1984-85,Salem (WV),D-II,8,3.0,0.0,.727,nan
,1985-86,Salem (WV),D-II,8,3.0,0.0,.727,nan
,1987-88,Samford,D-III,9,1.0,nan,.900,nan
,1988-89,Samford,D-III,5,6.0,nan,.455,nan
,1989-90,Samford,FCS,4,7.0,nan,.364,nan
,1990-91,Samford,FCS,6,4.0,1.0,.591,nan
,1991-92,Samford,FCS,12,2.0,nan,.857,nan
,1992-93,Samford,FCS,9,3.0,nan,.750,nan
,1993-94,Auburn,FBS,11,0.0,0.0,1.000,nan
,1994-95,Auburn,FBS,9,1.0,1.0,.864,nan
,1995-96,Auburn,FBS,8,4.0,0.0,.667,nan
,1996-97,Auburn,FBS,8,4.0,0.0,.667,nan
,1997-98,Auburn,FBS,10,3.0,0.0,.769,nan
,1998-99,Auburn,FBS,1,5.0,0.0,.167,nan
,2009-10,North Ala.,D-II,11,2.0,0.0,.846,nan
,2010-11,North Ala.,D-II,9,4.0,0.0,.692,nan
,2011-12,North Ala.,D-II,9,3.0,0.0,.750,nan
,2012-13,Akron,FBS,1,11.0,0.0,.083,nan
,2013-14,Akron,FBS,5,7.0,0.0,.417,nan
,2014-15,Akron,FBS,5,7.0,0.0,.417,nan
,2015-16,Akron,FBS,8,5.0,0.0,.615,nan
,2016-17,Akron,FBS,5,7.0,0.0,.417,nan
,2017-18,Akron,FBS,7,6.0,0.0,.538,nan
,1990-91,Toledo,FBS,9,2.0,0.0,.818,nan
,1995-96,Michigan St.,FBS,6,5.0,1.0,.542,nan
,1996-97,Michigan St.,FBS,6,6.0,0.0,.500,nan
,1997-98,Michigan St.,FBS,7,5.0,0.0,.583,nan
,1998-99,Michigan St.,FBS,6,6.0,0.0,.500,nan
,1999-00,Michigan St.,FBS,9,2.0,0.0,.818,nan
,2000-01,LSU,FBS,8,4.0,0.0,.667,nan
,2001-02,LSU,FBS,10,3.0,0.0,.769,nan
,2002-03,LSU,FBS,8,5.0,0.0,.615,nan
,2003-04,LSU,FBS,13,1.0,0.0,.929,nan
,2004-05,LSU,FBS,9,3.0,0.0,.750,nan
,2007-08,Alabama,FBS,2,6.0,0.0,.250,nan
,2008-09,Alabama,FBS,12,2.0,0.0,.857,nan
,2009-10,Alabama,FBS,14,0.0,0.0,1.000,nan
,2010-11,Alabama,FBS,10,3.0,0.0,.769,nan
,2011-12,Alabama,FBS,12,1.0,0.0,.923,nan
,2012-13,Alabama,FBS,13,1.0,0.0,.929,nan
,2013-14,Alabama,FBS,11,2.0,0.0,.846,nan
,2014-15,Alabama,FBS,12,2.0,0.0,.857,nan
,2015-16,Alabama,FBS,14,1.0,0.0,.933,nan
,2016-17,Alabama,FBS,14,1.0,0.0,.933,nan
,2017-18,Alabama,FBS,11,1.0,0.0,.917,nan
Scott Satterfield,2013-14,Appalachian St.,FBS,4,8.0,0.0,0.33299999999999996,nan
Scott Satterfield,2014-15,Appalachian St.,FBS,7,5.0,0.0,0.583,nan
Scott Satterfield,2015-16,Appalachian St.,FBS,11,2.0,0.0,0.846,nan
Scott Satterfield,2016-17,Appalachian St.,FBS,10,3.0,0.0,0.769,nan
Scott Satterfield,2017-18,Appalachian St.,FBS,8,4.0,0.0,0.667,nan
,2006-07,Rice,FBS,7,6.0,0.0,.538,nan
,2007-08,Tulsa,FBS,10,4.0,0.0,.714,nan
,2008-09,Tulsa,FBS,11,3.0,0.0,.786,nan
,2009-10,Tulsa,FBS,5,7.0,0.0,.417,nan
,2010-11,Tulsa,FBS,10,3.0,0.0,.769,nan
,2011-12,Pittsburgh,FBS,6,6.0,nan,.500,nan
,2012-13,Arizona St.,FBS,8,5.0,0.0,.615,nan
,2013-14,Arizona St.,FBS,10,4.0,0.0,.714,nan
,2014-15,Arizona St.,FBS,10,3.0,0.0,.769,nan
,2015-16,Arizona St.,FBS,6,7.0,0.0,.462,nan
,2016-17,Arizona St.,FBS,5,7.0,0.0,.417,nan
,2017-18,Arizona St.,FBS,7,5.0,0.0,.583,nan
,1988-89,Salem (WV),D-II,2,8.0,0.0,.200,nan
,1990-91,Glenville St.,Non-member,1,7.0,1.0,.167,nan
,1991-92,Glenville St.,Non-member,4,5.0,1.0,.450,nan
,1992-93,Glenville St.,Non-member,6,4.0,0.0,.600,nan
,1993-94,Glenville St.,D-II,10,3.0,0.0,.769,nan
,1994-95,Glenville St.,D-II,8,3.0,0.0,.727,nan
,1995-96,Glenville St.,D-II,8,2.0,0.0,.800,nan
,1996-97,Glenville St.,D-II,6,4.0,0.0,.600,nan
,2001-02,West Virginia,FBS,3,8.0,0.0,.273,nan
,2002-03,West Virginia,FBS,9,4.0,0.0,.692,nan
,2003-04,West Virginia,FBS,8,5.0,0.0,.615,nan
,2004-05,West Virginia,FBS,8,4.0,0.0,.667,nan
,2005-06,West Virginia,FBS,11,1.0,0.0,.917,nan
,2006-07,West Virginia,FBS,11,2.0,0.0,.846,nan
,2007-08,West Virginia,FBS,10,2.0,nan,.833,nan
,2008-09,Michigan,FBS,3,9.0,0.0,.250,nan
,2009-10,Michigan,FBS,5,7.0,0.0,.417,nan
,2010-11,Michigan,FBS,7,6.0,0.0,.538,nan
,2012-13,Arizona,FBS,8,5.0,0.0,.615,nan
,2013-14,Arizona,FBS,8,5.0,0.0,.615,nan
,2014-15,Arizona,FBS,10,4.0,0.0,.714,nan
,2015-16,Arizona,FBS,7,6.0,0.0,.538,nan
,2016-17,Arizona,FBS,3,9.0,0.0,.250,nan
,2017-18,Arizona,FBS,7,5.0,0.0,.583,nan
,2006-07,Wisconsin,FBS,12,1.0,0.0,.923,nan
,2007-08,Wisconsin,FBS,9,4.0,0.0,.692,nan
,2008-09,Wisconsin,FBS,7,6.0,0.0,.538,nan
,2009-10,Wisconsin,FBS,10,3.0,0.0,.769,nan
,2010-11,Wisconsin,FBS,11,2.0,0.0,.846,nan
,2011-12,Wisconsin,FBS,11,3.0,0.0,.786,nan
,2012-13,Wisconsin,FBS,8,5.0,nan,.615,nan
,2013-14,Arkansas,FBS,3,9.0,0.0,.250,nan
,2014-15,Arkansas,FBS,7,6.0,0.0,.538,nan
,2015-16,Arkansas,FBS,8,5.0,0.0,.615,nan
,2016-17,Arkansas,FBS,7,6.0,0.0,.538,nan
,2017-18,Arkansas,FBS,4,8.0,0.0,.333,nan
Blake Anderson,2014-15,Arkansas St.,FBS,7,6.0,0.0,0.5379999999999999,nan
Blake Anderson,2015-16,Arkansas St.,FBS,9,4.0,0.0,0.6920000000000001,nan
Blake Anderson,2016-17,Arkansas St.,FBS,8,5.0,0.0,0.615,nan
Blake Anderson,2017-18,Arkansas St.,FBS,7,4.0,0.0,0.636,nan
,1996-97,Southern Utah,FCS,4,7.0,0.0,.364,nan
,2001-02,Cal Poly,FCS,6,5.0,0.0,.545,nan
,2002-03,Cal Poly,FCS,3,8.0,0.0,.273,nan
,2003-04,Cal Poly,FCS,7,4.0,0.0,.636,nan
,2004-05,Cal Poly,FCS,9,2.0,0.0,.818,nan
,2005-06,Cal Poly,FCS,9,4.0,0.0,.692,nan
,2006-07,Cal Poly,FCS,7,4.0,0.0,.636,nan
,2007-08,Cal Poly,FCS,7,4.0,0.0,.636,nan
,2008-09,Cal Poly,FCS,8,3.0,0.0,.727,nan
,2009-10,Army West Point,FBS,5,7.0,0.0,.417,nan
,2010-11,Army West Point,FBS,7,6.0,0.0,.538,nan
,2011-12,Army West Point,FBS,3,9.0,0.0,.250,nan
,2012-13,Army West Point,FBS,2,10.0,0.0,.167,nan
,2013-14,Army West Point,FBS,3,9.0,0.0,.250,nan
,2010-11,Ga. Southern,FCS,10,5.0,0.0,.667,nan
,2011-12,Ga. Southern,Non-member,11,3.0,0.0,.786,nan
,2012-13,Ga. Southern,FCS,10,4.0,0.0,.714,nan
,2013-14,Ga. Southern,FBS,5,4.0,0.0,.556,Two wins later vacated by NCAA Committee on Infractions (8/2016)
,2014-15,Army West Point,FBS,4,8.0,0.0,.333,nan
,2015-16,Army West Point,FBS,2,10.0,0.0,.167,nan
,2016-17,Army West Point,FBS,8,5.0,0.0,.615,nan
,2017-18,Army West Point,FBS,9,3.0,0.0,.750,nan
,2012-13,Arkansas St.,FBS,9,3.0,nan,.750,nan
,2013-14,Auburn,FBS,12,2.0,0.0,.857,nan
,2014-15,Auburn,FBS,8,5.0,0.0,.615,nan
,2015-16,Auburn,FBS,7,6.0,0.0,.538,nan
,2016-17,Auburn,FBS,8,5.0,0.0,.615,nan
,2017-18,Auburn,FBS,10,3.0,0.0,.769,nan
,2005-06,BYU,FBS,6,6.0,0.0,.500,nan
,2006-07,BYU,FBS,11,2.0,0.0,.846,nan
,2007-08,BYU,FBS,11,2.0,0.0,.846,nan
,2008-09,BYU,FBS,10,3.0,0.0,.769,nan
,2009-10,BYU,FBS,11,2.0,0.0,.846,nan
,2010-11,BYU,FBS,7,6.0,0.0,.538,nan
,2011-12,BYU,FBS,10,3.0,0.0,.769,nan
,2012-13,BYU,FBS,8,5.0,0.0,.615,nan
,2013-14,BYU,FBS,8,5.0,0.0,.615,nan
,2014-15,BYU,FBS,8,5.0,0.0,.615,nan
,2015-16,BYU,FBS,9,4.0,0.0,.692,nan
,2016-17,Virginia,FBS,2,10.0,0.0,.167,nan
,2017-18,Virginia,FBS,6,6.0,0.0,.500,nan
Kalani Sitake,2016-17,BYU,FBS,9,4.0,0.0,0.6920000000000001,nan
Kalani Sitake,2017-18,BYU,FBS,4,9.0,0.0,0.308,nan
Mike Neu,2016-17,Ball St.,FBS,4,8.0,0.0,0.33299999999999996,nan
Mike Neu,2017-18,Ball St.,FBS,2,10.0,0.0,0.16699999999999998,nan
,2001-02,Lehigh,FCS,11,1.0,0.0,.917,nan
,2002-03,Lehigh,FCS,8,4.0,0.0,.667,nan
,2003-04,Lehigh,FCS,8,3.0,0.0,.727,nan
,2004-05,Lehigh,FCS,9,3.0,0.0,.750,nan
,2005-06,Lehigh,FCS,8,3.0,0.0,.727,nan
,2006-07,Elon,FCS,5,6.0,0.0,.455,nan
,2007-08,Elon,FCS,7,4.0,0.0,.636,nan
,2008-09,Elon,FCS,8,4.0,0.0,.667,nan
,2009-10,Elon,FCS,9,3.0,0.0,.750,nan
,2010-11,Elon,FCS,6,5.0,0.0,.545,nan
,2011-12,Ball St.,FBS,6,6.0,0.0,.500,nan
,2012-13,Ball St.,FBS,9,4.0,0.0,.692,nan
,2013-14,Ball St.,FBS,10,3.0,0.0,.769,nan
,2014-15,Ball St.,FBS,5,7.0,0.0,.417,nan
,2015-16,Ball St.,FBS,3,9.0,0.0,.250,nan
,2003-04,Houston,FBS,7,6.0,0.0,.538,nan
,2004-05,Houston,FBS,3,8.0,0.0,.273,nan
,2005-06,Houston,FBS,6,6.0,0.0,.500,nan
,2006-07,Houston,FBS,10,4.0,0.0,.714,nan
,2007-08,Houston,FBS,8,4.0,nan,.667,nan
,2008-09,Baylor,FBS,4,8.0,0.0,.333,nan
,2009-10,Baylor,FBS,4,8.0,0.0,.333,nan
,2010-11,Baylor,FBS,7,6.0,0.0,.538,nan
,2011-12,Baylor,FBS,10,3.0,0.0,.769,nan
,2012-13,Baylor,FBS,8,5.0,0.0,.615,nan
,2013-14,Baylor,FBS,11,2.0,0.0,.846,nan
,2014-15,Baylor,FBS,11,2.0,0.0,.846,nan
,2015-16,Baylor,FBS,10,3.0,0.0,.769,nan
,1995-96,Ohio,FBS,2,8.0,1.0,.227,nan
,1996-97,Ohio,FBS,6,6.0,0.0,.500,nan
,1997-98,Ohio,FBS,8,3.0,0.0,.727,nan
,1998-99,Ohio,FBS,5,6.0,0.0,.455,nan
,1999-00,Ohio,FBS,5,6.0,0.0,.455,nan
,2000-01,Ohio,FBS,7,4.0,0.0,.636,nan
,2001-02,Wake Forest,FBS,6,5.0,0.0,.545,nan
,2002-03,Wake Forest,FBS,7,6.0,0.0,.538,nan
,2003-04,Wake Forest,FBS,5,7.0,0.0,.417,nan
,2004-05,Wake Forest,FBS,4,7.0,0.0,.364,nan
,2005-06,Wake Forest,FBS,4,7.0,0.0,.364,nan
,2006-07,Wake Forest,FBS,11,3.0,0.0,.786,nan
,2007-08,Wake Forest,FBS,9,4.0,0.0,.692,nan
,2008-09,Wake Forest,FBS,8,5.0,0.0,.615,nan
,2009-10,Wake Forest,FBS,5,7.0,0.0,.417,nan
,2010-11,Wake Forest,FBS,3,9.0,0.0,.250,nan
,2011-12,Wake Forest,FBS,6,7.0,0.0,.462,nan
,2012-13,Wake Forest,FBS,5,7.0,0.0,.417,nan
,2013-14,Wake Forest,FBS,4,8.0,0.0,.333,nan
,2016-17,Baylor,FBS,7,6.0,0.0,.538,nan
Bob Gregory,2013-14,Boise St.,FBS,0,1.0,nan,0.0,nan
,2013-14,Arkansas St.,FBS,7,5.0,0.0,.583,nan
,2014-15,Boise St.,FBS,12,2.0,0.0,.857,nan
,2015-16,Boise St.,FBS,9,4.0,0.0,.692,nan
,2016-17,Boise St.,FBS,10,3.0,0.0,.769,nan
,2017-18,Boise St.,FBS,10,3.0,0.0,.769,nan
,2006-07,Boise St.,FBS,13,0.0,0.0,1.000,nan
,2007-08,Boise St.,FBS,10,3.0,0.0,.769,nan
,2008-09,Boise St.,FBS,12,1.0,0.0,.923,nan
,2009-10,Boise St.,FBS,14,0.0,0.0,1.000,nan
,2010-11,Boise St.,FBS,12,1.0,0.0,.923,nan
,2011-12,Boise St.,FBS,12,1.0,0.0,.923,nan
,2012-13,Boise St.,FBS,11,2.0,0.0,.846,nan
,2013-14,Boise St.,FBS,8,4.0,nan,.667,nan
,2014-15,Washington,FBS,8,6.0,0.0,.571,nan
,2015-16,Washington,FBS,7,6.0,0.0,.538,nan
,2016-17,Washington,FBS,12,2.0,0.0,.857,nan
,2017-18,Washington,FBS,10,2.0,0.0,.833,nan
,2011-12,Temple,FBS,9,4.0,0.0,.692,nan
,2012-13,Temple,FBS,4,7.0,0.0,.364,nan
,2013-14,Boston College,FBS,7,6.0,0.0,.538,nan
,2014-15,Boston College,FBS,7,6.0,0.0,.538,nan
,2015-16,Boston College,FBS,3,9.0,0.0,.250,nan
,2016-17,Boston College,FBS,7,6.0,0.0,.538,nan
,2017-18,Boston College,FBS,7,5.0,0.0,.583,nan
Adam Scheier,2013-14,Bowling Green,FBS,0,1.0,0.0,0.0,nan
,2007-08,McPherson,Non-member,4,6.0,nan,.400,nan
,2008-09,McPherson,Non-member,4,6.0,nan,.400,nan
,2009-10,McPherson,Non-member,9,2.0,nan,.818,nan
,2015-16,Bowling Green,FBS,0,1.0,nan,.000,nan
Mike Jinks,2016-17,Bowling Green,FBS,4,8.0,0.0,0.33299999999999996,nan
Mike Jinks,2017-18,Bowling Green,FBS,2,10.0,0.0,0.16699999999999998,nan
,1999-00,Fordham,FCS,0,11.0,0.0,.000,nan
,2000-01,Fordham,FCS,3,8.0,0.0,.273,nan
,2001-02,Fordham,FCS,7,4.0,0.0,.636,nan
,2002-03,Fordham,FCS,10,3.0,0.0,.769,nan
,2003-04,Fordham,FCS,9,3.0,0.0,.750,nan
,2004-05,Richmond,FCS,3,8.0,0.0,.273,nan
,2005-06,Richmond,FCS,9,4.0,0.0,.692,nan
,2006-07,Richmond,FCS,6,5.0,0.0,.545,nan
,2007-08,Richmond,FCS,11,3.0,0.0,.786,nan
,2009-10,Bowling Green,FBS,7,6.0,0.0,.538,nan
,2010-11,Bowling Green,FBS,2,10.0,0.0,.167,nan
,2011-12,Bowling Green,FBS,5,7.0,0.0,.417,nan
,2012-13,Bowling Green,FBS,8,5.0,0.0,.615,nan
,2013-14,Bowling Green,FBS,10,3.0,0.0,.769,nan
,2014-15,Wake Forest,FBS,3,9.0,0.0,.250,nan
,2015-16,Wake Forest,FBS,3,9.0,0.0,.250,nan
,2016-17,Wake Forest,FBS,7,6.0,0.0,.538,nan
,2017-18,Wake Forest,FBS,7,5.0,0.0,.583,nan
,2012-13,Eastern Ill.,FCS,7,5.0,0.0,.583,nan
,2013-14,Eastern Ill.,FCS,12,2.0,0.0,.857,nan
,2014-15,Bowling Green,FBS,8,6.0,0.0,.571,nan
,2015-16,Bowling Green,FBS,10,3.0,0.0,.769,nan
,2016-17,Syracuse,FBS,4,8.0,0.0,.333,nan
,2017-18,Syracuse,FBS,4,8.0,0.0,.333,nan
,1995-96,James Madison,FCS,8,4.0,nan,.667,nan
,1996-97,James Madison,FCS,7,4.0,nan,.636,nan
,1997-98,James Madison,FCS,5,6.0,nan,.455,nan
,1998-99,James Madison,FCS,3,8.0,nan,.273,nan
,2014-15,Buffalo,FBS,5,6.0,0.0,.455,nan
,2015-16,Florida A&M,FCS,1,10.0,0.0,.091,nan
,2016-17,Florida A&M,FCS,4,7.0,0.0,.364,nan
,2017-18,Florida A&M,FCS,3,8.0,0.0,.273,nan
,2007-08,Wis.-Whitewater,D-III,14,1.0,0.0,.933,nan
,2008-09,Wis.-Whitewater,D-III,13,2.0,0.0,.867,nan
,2009-10,Wis.-Whitewater,D-III,15,0.0,0.0,1.000,nan
,2010-11,Wis.-Whitewater,D-III,15,0.0,0.0,1.000,nan
,2011-12,Wis.-Whitewater,D-III,15,0.0,0.0,1.000,nan
,2012-13,Wis.-Whitewater,D-III,7,3.0,0.0,.700,nan
,2013-14,Wis.-Whitewater,D-III,15,0.0,0.0,1.000,nan
,2014-15,Wis.-Whitewater,D-III,15,0.0,0.0,1.000,nan
,2015-16,Buffalo,FBS,5,7.0,0.0,.417,nan
,2016-17,Buffalo,FBS,2,10.0,0.0,.167,nan
,2017-18,Buffalo,FBS,6,6.0,0.0,.500,nan
,2006-07,Central Mich.,FBS,1,0.0,0.0,1.000,nan
,2009-10,Cincinnati,FBS,0,1.0,nan,.000,nan
,2010-11,Buffalo,FBS,2,10.0,0.0,.167,nan
,2011-12,Buffalo,FBS,3,9.0,0.0,.250,nan
,2012-13,Buffalo,FBS,4,8.0,0.0,.333,nan
,2013-14,Buffalo,FBS,8,5.0,0.0,.615,nan
,2014-15,Buffalo,FBS,5,6.0,0.0,.455,nan
,2010-11,Louisiana Tech,FBS,5,7.0,0.0,.417,nan
,2011-12,Louisiana Tech,FBS,8,5.0,0.0,.615,nan
,2012-13,Louisiana Tech,FBS,9,3.0,0.0,.750,nan
,2013-14,California,FBS,1,11.0,0.0,.083,nan
,2014-15,California,FBS,5,7.0,0.0,.417,nan
,2015-16,California,FBS,8,5.0,0.0,.615,nan
,2016-17,California,FBS,5,7.0,0.0,.417,nan
John Bonamego,2015-16,Central Mich.,FBS,7,6.0,0.0,0.5379999999999999,nan
John Bonamego,2016-17,Central Mich.,FBS,6,7.0,0.0,0.462,nan
John Bonamego,2017-18,Central Mich.,FBS,8,4.0,0.0,0.667,nan
Brad Lambert,2013-14,Charlotte,FCS,5,6.0,0.0,0.455,nan
Brad Lambert,2014-15,Charlotte,FBS,5,6.0,0.0,0.455,nan
Brad Lambert,2015-16,Charlotte,FBS,2,10.0,0.0,0.16699999999999998,nan
Brad Lambert,2016-17,Charlotte,FBS,4,8.0,0.0,0.33299999999999996,nan
Brad Lambert,2017-18,Charlotte,FBS,1,11.0,0.0,0.083,nan
,1995-96,Ole Miss,FBS,6,5.0,0.0,.545,nan
,1996-97,Ole Miss,FBS,5,6.0,0.0,.455,nan
,1997-98,Ole Miss,FBS,8,4.0,0.0,.667,nan
,1998-99,Ole Miss,FBS,6,5.0,nan,.545,nan
,1999-00,Auburn,FBS,5,6.0,0.0,.455,nan
,2000-01,Auburn,FBS,9,4.0,0.0,.692,nan
,2001-02,Auburn,FBS,7,5.0,0.0,.583,nan
,2002-03,Auburn,FBS,9,4.0,0.0,.692,nan
,2003-04,Auburn,FBS,8,5.0,0.0,.615,nan
,2004-05,Auburn,FBS,13,0.0,0.0,1.000,nan
,2005-06,Auburn,FBS,9,3.0,0.0,.750,nan
,2006-07,Auburn,FBS,11,2.0,0.0,.846,nan
,2007-08,Auburn,FBS,9,4.0,0.0,.692,nan
,2008-09,Auburn,FBS,5,7.0,0.0,.417,nan
,2010-11,Texas Tech,FBS,8,5.0,0.0,.615,nan
,2011-12,Texas Tech,FBS,5,7.0,0.0,.417,nan
,2012-13,Texas Tech,FBS,7,5.0,0.0,.583,nan
,2013-14,Cincinnati,FBS,9,4.0,0.0,.692,nan
,2014-15,Cincinnati,FBS,9,4.0,0.0,.692,nan
,2015-16,Cincinnati,FBS,7,6.0,0.0,.538,nan
,2016-17,Cincinnati,FBS,4,8.0,0.0,.333,nan
Dabo Swinney,2008-09,Clemson,FBS,4,3.0,0.0,0.5710000000000001,nan
Dabo Swinney,2009-10,Clemson,FBS,9,5.0,0.0,0.643,nan
Dabo Swinney,2010-11,Clemson,FBS,6,7.0,0.0,0.462,nan
Dabo Swinney,2011-12,Clemson,FBS,10,4.0,0.0,0.7140000000000001,nan
Dabo Swinney,2012-13,Clemson,FBS,11,2.0,0.0,0.846,nan
Dabo Swinney,2013-14,Clemson,FBS,11,2.0,0.0,0.846,nan
Dabo Swinney,2014-15,Clemson,FBS,10,3.0,0.0,0.769,nan
Dabo Swinney,2015-16,Clemson,FBS,14,1.0,0.0,0.9329999999999999,nan
Dabo Swinney,2016-17,Clemson,FBS,14,1.0,0.0,0.9329999999999999,nan
Dabo Swinney,2017-18,Clemson,FBS,12,1.0,0.0,0.9229999999999999,nan
Joe Moglia,2012-13,Coastal Caro.,FCS,8,5.0,0.0,0.615,nan
Joe Moglia,2013-14,Coastal Caro.,FCS,12,3.0,0.0,0.8,nan
Joe Moglia,2014-15,Coastal Caro.,FCS,12,2.0,0.0,0.857,nan
Joe Moglia,2015-16,Coastal Caro.,FCS,9,3.0,0.0,0.75,nan
Joe Moglia,2016-17,Coastal Caro.,FBS,10,2.0,0.0,0.833,nan
,2010-11,San Jose St.,FBS,1,12.0,0.0,.077,nan
,2011-12,San Jose St.,FBS,5,7.0,0.0,.417,nan
,2012-13,San Jose St.,FBS,10,2.0,nan,.833,nan
,2013-14,Colorado,FBS,4,8.0,0.0,.333,nan
,2014-15,Colorado,FBS,2,10.0,0.0,.167,nan
,2015-16,Colorado,FBS,4,9.0,0.0,.308,nan
,2016-17,Colorado,FBS,10,4.0,0.0,.714,nan
,2017-18,Colorado,FBS,5,7.0,0.0,.417,nan
,1995-96,CSUN,FCS,2,8.0,nan,.200,nan
,1996-97,CSUN,FCS,7,4.0,nan,.636,nan
,1997-98,San Jose St.,FBS,4,7.0,0.0,.364,nan
,1998-99,San Jose St.,FBS,4,8.0,0.0,.333,nan
,1999-00,San Jose St.,FBS,3,7.0,0.0,.300,nan
,2000-01,San Jose St.,FBS,7,5.0,0.0,.583,nan
,2014-15,Colorado St.,FBS,10,3.0,0.0,.769,Interim coach for Las Vegas Bowl
,2012-13,Colorado St.,FBS,4,8.0,0.0,.333,nan
,2013-14,Colorado St.,FBS,8,6.0,0.0,.571,nan
,2014-15,Colorado St.,FBS,10,3.0,0.0,.769,nan
,2015-16,Florida,FBS,10,4.0,0.0,.714,nan
,2016-17,Florida,FBS,9,4.0,0.0,.692,nan
,2017-18,Florida,FBS,3,4.0,0.0,.429,nan
Mike Bobo,2015-16,Colorado St.,FBS,7,6.0,0.0,0.5379999999999999,nan
Mike Bobo,2016-17,Colorado St.,FBS,7,6.0,0.0,0.5379999999999999,nan
Mike Bobo,2017-18,Colorado St.,FBS,7,5.0,0.0,0.583,nan
,1998-99,Ole Miss,FBS,1,0.0,nan,1.000,nan
,1999-00,Ole Miss,FBS,8,4.0,0.0,.667,nan
,2000-01,Ole Miss,FBS,7,5.0,0.0,.583,nan
,2001-02,Ole Miss,FBS,7,4.0,0.0,.636,nan
,2002-03,Ole Miss,FBS,7,6.0,0.0,.538,nan
,2003-04,Ole Miss,FBS,10,3.0,0.0,.769,nan
,2004-05,Ole Miss,FBS,4,7.0,0.0,.364,nan
,2008-09,Duke,FBS,4,8.0,0.0,.333,nan
,2009-10,Duke,FBS,5,7.0,0.0,.417,nan
,2010-11,Duke,FBS,3,9.0,0.0,.250,nan
,2011-12,Duke,FBS,3,9.0,0.0,.250,nan
,2012-13,Duke,FBS,6,7.0,0.0,.462,nan
,2013-14,Duke,FBS,10,4.0,0.0,.714,nan
,2014-15,Duke,FBS,9,4.0,0.0,.692,nan
,2015-16,Duke,FBS,8,5.0,0.0,.615,nan
,2016-17,Duke,FBS,4,8.0,0.0,.333,nan
,2017-18,Duke,FBS,6,6.0,0.0,.500,nan
,2009-10,Texas Tech,FBS,1,0.0,nan,1.000,nan
,2010-11,East Carolina,FBS,6,7.0,0.0,.462,nan
,2011-12,East Carolina,FBS,5,7.0,0.0,.417,nan
,2012-13,East Carolina,FBS,8,5.0,0.0,.615,nan
,2013-14,East Carolina,FBS,10,3.0,0.0,.769,nan
,2014-15,East Carolina,FBS,8,5.0,0.0,.615,nan
,2015-16,East Carolina,FBS,5,7.0,0.0,.417,nan
Scottie Montgomery,2016-17,East Carolina,FBS,3,9.0,0.0,0.25,nan
Scottie Montgomery,2017-18,East Carolina,FBS,3,9.0,0.0,0.25,nan
Ron English,2009-10,Eastern Mich.,FBS,0,12.0,0.0,0.0,nan
Ron English,2010-11,Eastern Mich.,FBS,2,10.0,0.0,0.16699999999999998,nan
Ron English,2011-12,Eastern Mich.,FBS,6,6.0,0.0,0.5,nan
Ron English,2012-13,Eastern Mich.,FBS,2,10.0,0.0,0.16699999999999998,nan
Ron English,2013-14,Eastern Mich.,FBS,1,8.0,nan,0.111,nan
,1997-98,Ottawa (KS),Non-member,9,2.0,0.0,.818,nan
,1998-99,Ottawa (KS),Non-member,8,2.0,0.0,.800,nan
,1999-00,Ottawa (KS),Non-member,6,3.0,0.0,.667,nan
,2000-01,Ottawa (KS),Non-member,9,2.0,0.0,.818,nan
,2001-02,Wabash,D-III,8,2.0,0.0,.800,nan
,2002-03,Wabash,D-III,12,1.0,0.0,.923,nan
,2003-04,Wabash,D-III,7,3.0,0.0,.700,nan
,2004-05,Wabash,D-III,6,4.0,0.0,.600,nan
,2005-06,Wabash,D-III,11,1.0,0.0,.917,nan
,2006-07,Wabash,D-III,8,2.0,0.0,.800,nan
,2007-08,Wabash,D-III,11,2.0,0.0,.846,nan
,2008-09,Drake,FCS,6,5.0,0.0,.545,nan
,2009-10,Drake,FCS,8,3.0,0.0,.727,nan
,2010-11,Drake,FCS,7,4.0,0.0,.636,nan
,2011-12,Drake,Non-member,9,2.0,0.0,.818,nan
,2012-13,Drake,FCS,8,3.0,0.0,.727,nan
,2013-14,Drake,FCS,6,5.0,0.0,.545,nan
,2014-15,Eastern Mich.,FBS,2,10.0,0.0,.167,nan
,2015-16,Eastern Mich.,FBS,1,11.0,0.0,.083,nan
,2016-17,Eastern Mich.,FBS,7,6.0,0.0,.538,nan
,2017-18,Eastern Mich.,FBS,5,7.0,0.0,.417,nan
,1978-79,Wabash,D-III,8,1.0,0.0,.889,nan
,1979-80,Wabash,D-III,8,1.0,0.0,.889,nan
,1980-81,Wabash,D-III,8,0.0,1.0,.944,nan
,1981-82,Wabash,D-III,8,1.0,0.0,.889,nan
,1982-83,Wabash,D-III,10,0.0,0.0,1.000,nan
,1984-85,Marshall,FCS,6,5.0,0.0,.545,nan
,1985-86,Marshall,FCS,7,3.0,1.0,.682,nan
,1986-87,Kansas St.,FBS,2,9.0,0.0,.182,nan
,1987-88,Kansas St.,FBS,0,10.0,1.0,.045,nan
,1988-89,Kansas St.,FBS,0,11.0,0.0,.000,nan
,2008-09,Ball St.,FBS,0,1.0,0.0,.000,nan
,2009-10,Ball St.,FBS,2,10.0,0.0,.167,nan
,2010-11,Ball St.,FBS,4,8.0,0.0,.333,nan
,2013-14,Eastern Mich.,FBS,1,2.0,nan,.333,nan
,1992-93,San Jose St.,FBS,7,4.0,0.0,.636,nan
,1997-98,Illinois,FBS,0,11.0,0.0,.000,nan
,1998-99,Illinois,FBS,3,8.0,0.0,.273,nan
,1999-00,Illinois,FBS,8,4.0,0.0,.667,nan
,2000-01,Illinois,FBS,5,6.0,0.0,.455,nan
,2001-02,Illinois,FBS,10,2.0,0.0,.833,nan
,2002-03,Illinois,FBS,5,7.0,0.0,.417,nan
,2003-04,Illinois,FBS,1,11.0,0.0,.083,nan
,2004-05,Illinois,FBS,3,8.0,0.0,.273,nan
,2013-14,FIU,FBS,1,11.0,0.0,.083,nan
,2014-15,FIU,FBS,4,8.0,0.0,.333,nan
,2015-16,FIU,FBS,5,7.0,0.0,.417,nan
,2016-17,FIU,FBS,0,4.0,0.0,.000,nan
,1993-94,Eastern Mich.,FBS,4,7.0,0.0,.364,nan
,1994-95,Eastern Mich.,FBS,5,6.0,0.0,.455,nan
,1995-96,Louisville,FBS,7,4.0,nan,.636,nan
,1996-97,Louisville,FBS,5,6.0,nan,.455,nan
,1997-98,Louisville,FBS,1,10.0,nan,.091,nan
,1998-99,Alabama A&M,D-II,5,6.0,0.0,.455,nan
,1999-00,Alabama A&M,FCS,6,5.0,nan,.545,nan
,2000-01,Alabama A&M,FCS,7,5.0,0.0,.583,nan
,2001-02,Alabama A&M,FCS,4,7.0,0.0,.364,nan
,2016-17,FIU,FBS,4,4.0,0.0,.500,nan
Charlie Partridge,2014-15,Fla. Atlantic,FBS,3,9.0,0.0,0.25,nan
Charlie Partridge,2015-16,Fla. Atlantic,FBS,3,9.0,0.0,0.25,nan
Charlie Partridge,2016-17,Fla. Atlantic,FBS,3,9.0,0.0,0.25,nan
Carl Pelini,2012-13,Fla. Atlantic,FBS,3,9.0,0.0,0.25,nan
Carl Pelini,2013-14,Fla. Atlantic,FBS,2,6.0,nan,0.25,nan
Brian Wright,2013-14,Fla. Atlantic,FBS,4,0.0,nan,1.0,nan
,2014-15,Florida,FBS,7,5.0,0.0,.583,nan
,2016-17,Maryland,FBS,6,7.0,0.0,.462,nan
,2017-18,Maryland,FBS,4,8.0,0.0,.333,nan
,2011-12,Florida,FBS,7,6.0,0.0,.538,nan
,2012-13,Florida,FBS,11,2.0,0.0,.846,nan
,2013-14,Florida,FBS,4,8.0,0.0,.333,nan
,2014-15,Florida,FBS,7,5.0,0.0,.583,nan
,2016-17,South Carolina,FBS,6,7.0,0.0,.462,nan
,2017-18,South Carolina,FBS,8,4.0,0.0,.667,nan
Jimbo Fisher,2010-11,Florida St.,FBS,10,4.0,0.0,0.7140000000000001,nan
Jimbo Fisher,2011-12,Florida St.,FBS,9,4.0,0.0,0.6920000000000001,nan
Jimbo Fisher,2012-13,Florida St.,FBS,12,2.0,0.0,0.857,nan
Jimbo Fisher,2013-14,Florida St.,FBS,14,0.0,0.0,1.0,nan
Jimbo Fisher,2014-15,Florida St.,FBS,13,1.0,0.0,0.929,nan
Jimbo Fisher,2015-16,Florida St.,FBS,10,3.0,0.0,0.769,nan
Jimbo Fisher,2016-17,Florida St.,FBS,10,3.0,0.0,0.769,nan
Jimbo Fisher,2017-18,Florida St.,FBS,5,6.0,0.0,0.455,nan
Eric Kiesau,2016-17,Fresno St.,FBS,0,4.0,0.0,0.0,nan
,2011-12,Texas A&M,FBS,1,0.0,nan,1.000,nan
,2012-13,Fresno St.,FBS,9,4.0,0.0,.692,nan
,2013-14,Fresno St.,FBS,11,2.0,0.0,.846,nan
,2014-15,Fresno St.,FBS,6,8.0,0.0,.429,nan
,2015-16,Fresno St.,FBS,3,9.0,0.0,.250,nan
,2016-17,Fresno St.,FBS,1,7.0,0.0,.125,nan
Dell McGee,2015-16,Ga. Southern,FBS,1,0.0,nan,1.0,nan
Tyson Summers,2016-17,Ga. Southern,FBS,5,7.0,0.0,0.41700000000000004,nan
Tyson Summers,2017-18,Ga. Southern,FBS,0,6.0,0.0,0.0,nan
,1997-98,Central Mo.,D-II,5,6.0,0.0,.455,nan
,1998-99,Central Mo.,D-II,8,3.0,0.0,.727,nan
,1999-00,Central Mo.,D-II,7,4.0,0.0,.636,nan
,2000-01,Central Mo.,D-II,7,4.0,0.0,.636,nan
,2001-02,Central Mo.,D-II,10,2.0,0.0,.833,nan
,2002-03,Central Mo.,D-II,10,2.0,0.0,.833,nan
,2003-04,Central Mo.,D-II,9,2.0,0.0,.818,nan
,2004-05,Central Mo.,D-II,7,4.0,0.0,.636,nan
,2005-06,Central Mo.,D-II,7,3.0,0.0,.700,nan
,2006-07,Central Mo.,D-II,5,6.0,0.0,.455,nan
,2007-08,Central Mo.,D-II,7,4.0,0.0,.636,nan
,2008-09,Central Mo.,D-II,7,4.0,0.0,.636,nan
,2009-10,Central Mo.,D-II,8,3.0,0.0,.727,nan
,2010-11,Sam Houston St.,FCS,6,5.0,0.0,.545,nan
,2011-12,Sam Houston St.,Non-member,14,1.0,0.0,.933,nan
,2012-13,Sam Houston St.,FCS,11,4.0,0.0,.733,nan
,2013-14,Sam Houston St.,FCS,9,5.0,0.0,.643,nan
,2014-15,Ga. Southern,FBS,9,3.0,0.0,.750,1 win later vacated by NCAA COI (8/2016)
,2015-16,Ga. Southern,FBS,8,4.0,nan,.667,nan
,2016-17,Tulane,FBS,4,8.0,0.0,.333,nan
,2017-18,Tulane,FBS,5,7.0,0.0,.417,nan
,2001-02,Georgia,FBS,8,4.0,0.0,.667,nan
,2002-03,Georgia,FBS,13,1.0,0.0,.929,nan
,2003-04,Georgia,FBS,11,3.0,0.0,.786,nan
,2004-05,Georgia,FBS,10,2.0,0.0,.833,nan
,2005-06,Georgia,FBS,10,3.0,0.0,.769,nan
,2006-07,Georgia,FBS,9,4.0,0.0,.692,nan
,2007-08,Georgia,FBS,11,2.0,0.0,.846,nan
,2008-09,Georgia,FBS,10,3.0,0.0,.769,nan
,2009-10,Georgia,FBS,8,5.0,0.0,.615,nan
,2010-11,Georgia,FBS,6,7.0,0.0,.462,nan
,2011-12,Georgia,FBS,10,4.0,0.0,.714,nan
,2012-13,Georgia,FBS,12,2.0,0.0,.857,nan
,2013-14,Georgia,FBS,8,5.0,0.0,.615,nan
,2014-15,Georgia,FBS,10,3.0,0.0,.769,nan
,2015-16,Georgia,FBS,9,3.0,0.0,.750,nan
,2016-17,Miami (FL),FBS,9,4.0,0.0,.692,nan
,2017-18,Miami (FL),FBS,10,2.0,0.0,.833,nan
Kirby Smart,2016-17,Georgia,FBS,8,5.0,0.0,0.615,nan
Kirby Smart,2017-18,Georgia,FBS,12,1.0,0.0,0.9229999999999999,nan
Bryan McClendon,2015-16,Georgia,FBS,1,0.0,0.0,1.0,nan
,2008-09,Indiana St.,FCS,0,12.0,0.0,.000,nan
,2009-10,Indiana St.,FCS,1,10.0,0.0,.091,nan
,2010-11,Indiana St.,FCS,6,5.0,0.0,.545,nan
,2011-12,Indiana St.,Non-member,6,5.0,0.0,.545,nan
,2012-13,Indiana St.,FCS,7,4.0,0.0,.636,nan
,2013-14,Georgia St.,FBS,0,12.0,0.0,.000,nan
,2014-15,Georgia St.,FBS,1,11.0,0.0,.083,nan
,2015-16,Georgia St.,FBS,6,7.0,0.0,.462,nan
,2016-17,Georgia St.,FBS,3,9.0,0.0,.250,nan
Tim Lappano,2016-17,Georgia St.,FBS,3,9.0,0.0,0.25,nan
,1997-98,Ga. Southern,FCS,10,3.0,0.0,.769,nan
,1998-99,Ga. Southern,FCS,14,1.0,0.0,.933,nan
,1999-00,Ga. Southern,FCS,13,2.0,0.0,.867,nan
,2000-01,Ga. Southern,FCS,13,2.0,0.0,.867,nan
,2001-02,Ga. Southern,FCS,12,2.0,0.0,.857,nan
,2002-03,Navy,FBS,2,10.0,0.0,.167,nan
,2003-04,Navy,FBS,8,5.0,0.0,.615,nan
,2004-05,Navy,FBS,10,2.0,0.0,.833,nan
,2005-06,Navy,FBS,8,4.0,0.0,.667,nan
,2006-07,Navy,FBS,9,4.0,0.0,.692,nan
,2007-08,Navy,FBS,8,4.0,nan,.667,nan
,2008-09,Georgia Tech,FBS,9,4.0,0.0,.692,nan
,2009-10,Georgia Tech,FBS,10,3.0,0.0,.769,nan
,2010-11,Georgia Tech,FBS,6,7.0,0.0,.462,nan
,2011-12,Georgia Tech,FBS,8,5.0,0.0,.615,nan
,2012-13,Georgia Tech,FBS,7,7.0,0.0,.500,nan
,2013-14,Georgia Tech,FBS,7,6.0,0.0,.538,nan
,2014-15,Georgia Tech,FBS,11,3.0,0.0,.786,nan
,2015-16,Georgia Tech,FBS,3,9.0,0.0,.250,nan
,2016-17,Georgia Tech,FBS,9,4.0,0.0,.692,nan
,2017-18,Georgia Tech,FBS,5,6.0,0.0,.455,nan
Norm Chow,2012-13,Hawaii,FBS,3,9.0,0.0,0.25,nan
Norm Chow,2013-14,Hawaii,FBS,1,11.0,0.0,0.083,nan
Norm Chow,2014-15,Hawaii,FBS,4,9.0,0.0,0.308,nan
Norm Chow,2015-16,Hawaii,FBS,2,7.0,nan,0.222,nan
Nick Rolovich,2016-17,Hawaii,FBS,7,7.0,0.0,0.5,nan
Nick Rolovich,2017-18,Hawaii,FBS,3,9.0,0.0,0.25,nan
Chris Naeole,2015-16,Hawaii,FBS,1,3.0,nan,0.25,nan
,2015-16,Houston,FBS,13,1.0,0.0,.929,nan
,2016-17,Houston,FBS,9,3.0,0.0,.750,nan
,2017-18,Texas,FBS,6,6.0,0.0,.500,nan
Tony Levine,2011-12,Houston,FBS,1,0.0,nan,1.0,nan
Tony Levine,2012-13,Houston,FBS,5,7.0,0.0,0.41700000000000004,nan
Tony Levine,2013-14,Houston,FBS,8,5.0,0.0,0.615,nan
Tony Levine,2014-15,Houston,FBS,8,5.0,0.0,0.615,nan
Major Applewhite,2016-17,Houston,FBS,0,1.0,0.0,0.0,nan
Major Applewhite,2017-18,Houston,FBS,7,4.0,0.0,0.636,nan
David Gibbs,2014-15,Houston,FBS,8,5.0,0.0,0.615,nan
Paul Petrino,2013-14,Idaho,FBS,1,11.0,0.0,0.083,nan
Paul Petrino,2014-15,Idaho,FBS,1,10.0,0.0,0.091,nan
Paul Petrino,2015-16,Idaho,FBS,4,8.0,0.0,0.33299999999999996,nan
Paul Petrino,2016-17,Idaho,FBS,9,4.0,0.0,0.6920000000000001,nan
Paul Petrino,2017-18,Idaho,FBS,4,8.0,0.0,0.33299999999999996,nan
,1992-93,Widener,D-III,3,6.0,1.0,.350,nan
,1993-94,Widener,D-III,6,4.0,0.0,.600,nan
,1994-95,Widener,D-III,10,2.0,0.0,.833,nan
,1995-96,Widener,D-III,8,3.0,0.0,.727,nan
,1996-97,Widener,D-III,7,3.0,0.0,.700,nan
,2005-06,Western Mich.,FBS,7,4.0,0.0,.636,nan
,2006-07,Western Mich.,FBS,8,5.0,0.0,.615,nan
,2007-08,Western Mich.,FBS,5,7.0,0.0,.417,nan
,2008-09,Western Mich.,FBS,9,4.0,0.0,.692,nan
,2009-10,Western Mich.,FBS,5,7.0,0.0,.417,nan
,2010-11,Western Mich.,FBS,6,6.0,0.0,.500,nan
,2011-12,Western Mich.,FBS,7,6.0,0.0,.538,nan
,2012-13,Western Mich.,FBS,4,8.0,0.0,.333,nan
,2015-16,Illinois,FBS,5,7.0,0.0,.417,nan
,2009-10,Toledo,FBS,5,7.0,0.0,.417,nan
,2010-11,Toledo,FBS,8,5.0,0.0,.615,nan
,2011-12,Toledo,FBS,8,4.0,nan,.667,nan
,2012-13,Illinois,FBS,2,10.0,0.0,.167,nan
,2013-14,Illinois,FBS,4,8.0,0.0,.333,nan
,2014-15,Illinois,FBS,6,7.0,0.0,.462,nan
Lovie Smith,2016-17,Illinois,FBS,3,9.0,0.0,0.25,nan
Lovie Smith,2017-18,Illinois,FBS,2,10.0,0.0,0.16699999999999998,nan
Tom Allen,2016-17,Indiana,FBS,0,1.0,0.0,0.0,nan
Tom Allen,2017-18,Indiana,FBS,5,7.0,0.0,0.41700000000000004,nan
Kevin Wilson,2011-12,Indiana,FBS,1,11.0,0.0,0.083,nan
Kevin Wilson,2012-13,Indiana,FBS,4,8.0,0.0,0.33299999999999996,nan
Kevin Wilson,2013-14,Indiana,FBS,5,7.0,0.0,0.41700000000000004,nan
Kevin Wilson,2014-15,Indiana,FBS,4,8.0,0.0,0.33299999999999996,nan
Kevin Wilson,2015-16,Indiana,FBS,6,7.0,0.0,0.462,nan
Kevin Wilson,2016-17,Indiana,FBS,6,6.0,0.0,0.5,nan
,1990-91,Maine,FCS,3,8.0,0.0,.273,nan
,1991-92,Maine,FCS,3,8.0,0.0,.273,nan
,1992-93,Maine,FCS,6,5.0,0.0,.545,nan
,1999-00,Iowa,FBS,1,10.0,0.0,.091,nan
,2000-01,Iowa,FBS,3,9.0,0.0,.250,nan
,2001-02,Iowa,FBS,7,5.0,0.0,.583,nan
,2002-03,Iowa,FBS,11,2.0,0.0,.846,nan
,2003-04,Iowa,FBS,10,3.0,0.0,.769,nan
,2004-05,Iowa,FBS,10,2.0,0.0,.833,nan
,2005-06,Iowa,FBS,7,5.0,0.0,.583,nan
,2006-07,Iowa,FBS,6,7.0,0.0,.462,nan
,2007-08,Iowa,FBS,6,6.0,0.0,.500,nan
,2008-09,Iowa,FBS,9,4.0,0.0,.692,nan
,2009-10,Iowa,FBS,11,2.0,0.0,.846,nan
,2010-11,Iowa,FBS,8,5.0,0.0,.615,nan
,2011-12,Iowa,FBS,7,6.0,0.0,.538,nan
,2012-13,Iowa,FBS,4,8.0,0.0,.333,nan
,2013-14,Iowa,FBS,8,5.0,0.0,.615,nan
,2014-15,Iowa,FBS,7,6.0,0.0,.538,nan
,2015-16,Iowa,FBS,12,2.0,0.0,.857,nan
,2016-17,Iowa,FBS,8,5.0,0.0,.615,nan
,2017-18,Iowa,FBS,7,5.0,0.0,.583,nan
,2011-12,Toledo,FBS,1,0.0,nan,1.000,nan
,2012-13,Toledo,FBS,9,4.0,0.0,.692,nan
,2013-14,Toledo,FBS,7,5.0,0.0,.583,nan
,2014-15,Toledo,FBS,9,4.0,0.0,.692,nan
,2015-16,Toledo,FBS,9,2.0,nan,.818,nan
,2016-17,Iowa St.,FBS,3,9.0,0.0,.250,nan
,2017-18,Iowa St.,FBS,7,5.0,0.0,.583,nan
Paul Rhoads,2009-10,Iowa St.,FBS,7,6.0,0.0,0.5379999999999999,nan
Paul Rhoads,2010-11,Iowa St.,FBS,5,7.0,0.0,0.41700000000000004,nan
Paul Rhoads,2011-12,Iowa St.,FBS,6,7.0,0.0,0.462,nan
Paul Rhoads,2012-13,Iowa St.,FBS,6,7.0,0.0,0.462,nan
Paul Rhoads,2013-14,Iowa St.,FBS,3,9.0,0.0,0.25,nan
Paul Rhoads,2014-15,Iowa St.,FBS,2,10.0,0.0,0.16699999999999998,nan
Paul Rhoads,2015-16,Iowa St.,FBS,3,9.0,0.0,0.25,nan
Clint Bowen,2014-15,Kansas,FBS,3,9.0,0.0,0.25,nan
,2005-06,Notre Dame,FBS,9,3.0,0.0,.750,nan
,2006-07,Notre Dame,FBS,10,3.0,0.0,.769,nan
,2007-08,Notre Dame,FBS,3,9.0,0.0,.250,nan
,2008-09,Notre Dame,FBS,7,6.0,0.0,.538,nan
,2009-10,Notre Dame,FBS,6,6.0,0.0,.500,nan
,2012-13,Kansas,FBS,1,11.0,0.0,.083,nan
,2013-14,Kansas,FBS,3,9.0,0.0,.250,nan
,2014-15,Kansas,FBS,3,9.0,0.0,.250,nan
David Beaty,2015-16,Kansas,FBS,0,12.0,0.0,0.0,nan
David Beaty,2016-17,Kansas,FBS,2,10.0,0.0,0.16699999999999998,nan
David Beaty,2017-18,Kansas,FBS,1,11.0,0.0,0.083,nan
Bill Snyder,1989-90,Kansas St.,FBS,1,10.0,0.0,0.091,nan
Bill Snyder,1990-91,Kansas St.,FBS,5,6.0,0.0,0.455,nan
Bill Snyder,1991-92,Kansas St.,FBS,7,4.0,0.0,0.636,nan
Bill Snyder,1992-93,Kansas St.,FBS,5,6.0,0.0,0.455,nan
Bill Snyder,1993-94,Kansas St.,FBS,9,2.0,1.0,0.792,nan
Bill Snyder,1994-95,Kansas St.,FBS,9,3.0,0.0,0.75,nan
Bill Snyder,1995-96,Kansas St.,FBS,10,2.0,0.0,0.833,nan
Bill Snyder,1996-97,Kansas St.,FBS,9,3.0,0.0,0.75,nan
Bill Snyder,1997-98,Kansas St.,FBS,11,1.0,0.0,0.917,nan
Bill Snyder,1998-99,Kansas St.,FBS,11,2.0,0.0,0.846,nan
Bill Snyder,1999-00,Kansas St.,FBS,11,1.0,0.0,0.917,nan
Bill Snyder,2000-01,Kansas St.,FBS,11,3.0,0.0,0.7859999999999999,nan
Bill Snyder,2001-02,Kansas St.,FBS,6,6.0,0.0,0.5,nan
Bill Snyder,2002-03,Kansas St.,FBS,11,2.0,0.0,0.846,nan
Bill Snyder,2003-04,Kansas St.,FBS,11,4.0,0.0,0.733,nan
Bill Snyder,2004-05,Kansas St.,FBS,4,7.0,0.0,0.364,nan
Bill Snyder,2005-06,Kansas St.,FBS,5,6.0,0.0,0.455,nan
Bill Snyder,2009-10,Kansas St.,FBS,6,6.0,0.0,0.5,nan
Bill Snyder,2010-11,Kansas St.,FBS,7,6.0,0.0,0.5379999999999999,nan
Bill Snyder,2011-12,Kansas St.,FBS,10,3.0,0.0,0.769,nan
Bill Snyder,2012-13,Kansas St.,FBS,11,2.0,0.0,0.846,nan
Bill Snyder,2013-14,Kansas St.,FBS,8,5.0,0.0,0.615,nan
Bill Snyder,2014-15,Kansas St.,FBS,9,4.0,0.0,0.6920000000000001,nan
Bill Snyder,2015-16,Kansas St.,FBS,6,7.0,0.0,0.462,nan
Bill Snyder,2016-17,Kansas St.,FBS,9,4.0,0.0,0.6920000000000001,nan
Bill Snyder,2017-18,Kansas St.,FBS,7,5.0,0.0,0.583,nan
Paul Haynes,2013-14,Kent St.,FBS,4,8.0,0.0,0.33299999999999996,nan
Paul Haynes,2014-15,Kent St.,FBS,2,9.0,0.0,0.182,nan
Paul Haynes,2015-16,Kent St.,FBS,3,9.0,0.0,0.25,nan
Paul Haynes,2016-17,Kent St.,FBS,3,9.0,0.0,0.25,nan
Paul Haynes,2017-18,Kent St.,FBS,2,10.0,0.0,0.16699999999999998,nan
Mark Stoops,2013-14,Kentucky,FBS,2,10.0,0.0,0.16699999999999998,nan
Mark Stoops,2014-15,Kentucky,FBS,5,7.0,0.0,0.41700000000000004,nan
Mark Stoops,2015-16,Kentucky,FBS,5,7.0,0.0,0.41700000000000004,nan
Mark Stoops,2016-17,Kentucky,FBS,7,6.0,0.0,0.5379999999999999,nan
Mark Stoops,2017-18,Kentucky,FBS,7,5.0,0.0,0.583,nan
,2001-02,Oklahoma St.,FBS,4,7.0,0.0,.364,nan
,2002-03,Oklahoma St.,FBS,8,5.0,0.0,.615,nan
,2003-04,Oklahoma St.,FBS,9,4.0,0.0,.692,nan
,2004-05,Oklahoma St.,FBS,7,5.0,0.0,.583,nan
,2005-06,LSU,FBS,11,2.0,0.0,.846,nan
,2006-07,LSU,FBS,11,2.0,0.0,.846,nan
,2007-08,LSU,FBS,12,2.0,0.0,.857,nan
,2008-09,LSU,FBS,8,5.0,0.0,.615,nan
,2009-10,LSU,FBS,9,4.0,0.0,.692,nan
,2010-11,LSU,FBS,11,2.0,0.0,.846,nan
,2011-12,LSU,FBS,13,1.0,0.0,.929,nan
,2012-13,LSU,FBS,10,3.0,0.0,.769,nan
,2013-14,LSU,FBS,10,3.0,0.0,.769,nan
,2014-15,LSU,FBS,8,5.0,0.0,.615,nan
,2015-16,LSU,FBS,9,3.0,0.0,.750,nan
,2016-17,LSU,FBS,2,2.0,0.0,.500,nan
,2005-06,Ole Miss,FBS,3,8.0,0.0,.273,nan
,2006-07,Ole Miss,FBS,4,8.0,0.0,.333,nan
,2007-08,Ole Miss,FBS,3,9.0,0.0,.250,nan
,2013-14,Southern California,FBS,6,2.0,nan,.750,nan
,2016-17,LSU,FBS,6,2.0,0.0,.750,nan
,2017-18,LSU,FBS,9,3.0,0.0,.750,nan
,2006-07,McNeese,FCS,6,2.0,nan,.750,nan
,2007-08,McNeese,FCS,11,1.0,0.0,.917,nan
,2008-09,McNeese,FCS,7,4.0,0.0,.636,nan
,2009-10,McNeese,FCS,9,3.0,0.0,.750,nan
,2010-11,McNeese,FCS,6,5.0,0.0,.545,nan
,2011-12,McNeese,Non-member,6,5.0,0.0,.545,nan
,2012-13,McNeese,FCS,7,4.0,0.0,.636,nan
,2013-14,McNeese,FCS,10,3.0,0.0,.769,nan
,2014-15,McNeese,FCS,6,5.0,0.0,.545,nan
,2015-16,McNeese,FCS,10,1.0,0.0,.909,nan
,2016-17,La.-Monroe,FBS,4,8.0,0.0,.333,nan
,2017-18,La.-Monroe,FBS,4,8.0,0.0,.333,nan
,1996-97,Illinois St.,FCS,3,8.0,0.0,.273,nan
,1997-98,Illinois St.,FCS,2,9.0,0.0,.182,nan
,1998-99,Illinois St.,FCS,8,4.0,0.0,.667,nan
,1999-00,Illinois St.,FCS,11,3.0,0.0,.786,nan
,2000-01,Army West Point,FBS,1,10.0,0.0,.091,nan
,2001-02,Army West Point,FBS,3,8.0,0.0,.273,nan
,2002-03,Army West Point,FBS,1,11.0,0.0,.083,nan
,2003-04,Army West Point,FBS,0,6.0,0.0,.000,nan
,2010-11,La.-Monroe,FBS,5,7.0,0.0,.417,nan
,2011-12,La.-Monroe,FBS,4,8.0,0.0,.333,nan
,2012-13,La.-Monroe,FBS,8,5.0,0.0,.615,nan
,2013-14,La.-Monroe,FBS,6,6.0,0.0,.500,nan
,2014-15,La.-Monroe,FBS,4,8.0,0.0,.333,nan
,2015-16,La.-Monroe,FBS,1,9.0,0.0,.100,nan
,1990-91,Southeast Mo. St.,D-II,7,3.0,nan,.700,nan
,1991-92,Southeast Mo. St.,FCS,3,8.0,nan,.273,nan
,1992-93,Southeast Mo. St.,FCS,2,9.0,nan,.182,nan
,1993-94,Southeast Mo. St.,FCS,3,8.0,nan,.273,nan
,1994-95,Southeast Mo. St.,FCS,7,5.0,nan,.583,nan
,1995-96,Southeast Mo. St.,FCS,5,6.0,nan,.455,nan
,1996-97,Southeast Mo. St.,FCS,3,8.0,nan,.273,nan
,1997-98,Southeast Mo. St.,FCS,4,7.0,nan,.364,nan
,1998-99,Southeast Mo. St.,FCS,3,8.0,nan,.273,nan
,1999-00,Southeast Mo. St.,FCS,3,8.0,nan,.273,nan
,2003-04,Army West Point,FBS,0,7.0,0.0,.000,nan
,2015-16,La.-Monroe,FBS,1,2.0,0.0,.333,nan
,2002-03,North Ala.,D-II,4,7.0,0.0,.364,nan
,2003-04,North Ala.,D-II,13,1.0,0.0,.929,nan
,2004-05,North Ala.,D-II,5,5.0,0.0,.500,nan
,2005-06,North Ala.,D-II,11,3.0,0.0,.786,nan
,2006-07,North Ala.,D-II,11,1.0,0.0,.917,nan
,2007-08,North Ala.,D-II,10,2.0,0.0,.833,nan
,2008-09,North Ala.,D-II,12,2.0,0.0,.857,nan
,2011-12,Louisiana,FBS,1,4.0,0.0,.200,nan
,2012-13,Louisiana,FBS,5,4.0,0.0,.556,nan
,2013-14,Louisiana,FBS,1,4.0,0.0,.200,nan
,2014-15,Louisiana,FBS,9,4.0,0.0,.692,nan
,2015-16,Louisiana,FBS,4,8.0,0.0,.333,nan
,2016-17,Louisiana,FBS,6,7.0,0.0,.462,nan
,2017-18,Louisiana,FBS,5,7.0,0.0,.417,nan
,1994-95,UConn,FCS,4,7.0,nan,.364,nan
,1995-96,UConn,FCS,8,3.0,nan,.727,nan
,1996-97,UConn,FCS,5,6.0,nan,.455,nan
,1997-98,UConn,FCS,7,4.0,nan,.636,nan
,1998-99,UConn,FCS,10,3.0,nan,.769,nan
,2005-06,East Carolina,FBS,5,6.0,0.0,.455,nan
,2006-07,East Carolina,FBS,7,6.0,0.0,.538,nan
,2007-08,East Carolina,FBS,8,5.0,0.0,.615,nan
,2008-09,East Carolina,FBS,9,5.0,0.0,.643,nan
,2009-10,East Carolina,FBS,9,5.0,0.0,.643,nan
,2010-11,South Fla.,FBS,8,5.0,0.0,.615,nan
,2011-12,South Fla.,FBS,5,7.0,0.0,.417,nan
,2012-13,South Fla.,FBS,3,9.0,0.0,.250,nan
,2013-14,Louisiana Tech,FBS,4,8.0,0.0,.333,nan
,2014-15,Louisiana Tech,FBS,9,5.0,0.0,.643,nan
,2015-16,Louisiana Tech,FBS,9,4.0,0.0,.692,nan
,2016-17,Louisiana Tech,FBS,9,5.0,0.0,.643,nan
,2017-18,Louisiana Tech,FBS,6,6.0,0.0,.500,nan
,2003-04,Louisville,FBS,9,4.0,0.0,.692,nan
,2004-05,Louisville,FBS,11,1.0,0.0,.917,nan
,2005-06,Louisville,FBS,9,3.0,0.0,.750,nan
,2006-07,Louisville,FBS,12,1.0,0.0,.923,nan
,2008-09,Arkansas,FBS,5,7.0,0.0,.417,nan
,2009-10,Arkansas,FBS,8,5.0,0.0,.615,nan
,2010-11,Arkansas,FBS,10,3.0,0.0,.769,nan
,2011-12,Arkansas,FBS,11,2.0,0.0,.846,nan
,2013-14,Western Ky.,FBS,8,4.0,0.0,.667,nan
,2014-15,Louisville,FBS,9,4.0,0.0,.692,nan
,2015-16,Louisville,FBS,8,5.0,0.0,.615,nan
,2016-17,Louisville,FBS,9,4.0,0.0,.692,nan
,2017-18,Louisville,FBS,8,4.0,0.0,.667,nan
"John ""Doc"" Holliday",2010-11,Marshall,FBS,5,7.0,0.0,0.41700000000000004,nan
"John ""Doc"" Holliday",2011-12,Marshall,FBS,7,6.0,0.0,0.5379999999999999,nan
"John ""Doc"" Holliday",2012-13,Marshall,FBS,5,7.0,0.0,0.41700000000000004,nan
"John ""Doc"" Holliday",2013-14,Marshall,FBS,10,4.0,0.0,0.7140000000000001,nan
"John ""Doc"" Holliday",2014-15,Marshall,FBS,13,1.0,0.0,0.929,nan
"John ""Doc"" Holliday",2015-16,Marshall,FBS,10,3.0,0.0,0.769,nan
"John ""Doc"" Holliday",2016-17,Marshall,FBS,3,9.0,0.0,0.25,nan
"John ""Doc"" Holliday",2017-18,Marshall,FBS,7,5.0,0.0,0.583,nan
,1999-00,UConn,FCS,4,7.0,0.0,.364,nan
,2000-01,UConn,FCS,3,8.0,0.0,.273,nan
,2001-02,UConn,FBS,2,9.0,0.0,.182,nan
,2002-03,UConn,FBS,6,6.0,0.0,.500,nan
,2003-04,UConn,FBS,9,3.0,0.0,.750,nan
,2004-05,UConn,FBS,8,4.0,0.0,.667,nan
,2005-06,UConn,FBS,5,6.0,0.0,.455,nan
,2006-07,UConn,FBS,4,8.0,0.0,.333,nan
,2007-08,UConn,FBS,9,4.0,0.0,.692,nan
,2008-09,UConn,FBS,8,5.0,0.0,.615,nan
,2009-10,UConn,FBS,8,5.0,0.0,.615,nan
,2010-11,UConn,FBS,8,5.0,0.0,.615,nan
,2011-12,Maryland,FBS,2,10.0,0.0,.167,nan
,2012-13,Maryland,FBS,4,8.0,0.0,.333,nan
,2013-14,Maryland,FBS,7,6.0,0.0,.538,nan
,2014-15,Maryland,FBS,7,6.0,0.0,.538,nan
,2015-16,Maryland,FBS,2,4.0,0.0,.333,nan
,2017-18,UConn,FBS,3,9.0,0.0,.250,nan
,2009-10,New Mexico,FBS,1,11.0,0.0,.083,nan
,2010-11,New Mexico,FBS,1,11.0,0.0,.083,nan
,2011-12,New Mexico,FBS,0,4.0,nan,.000,nan
,2015-16,Maryland,FBS,1,5.0,0.0,.167,nan
,1988-89,New Haven,D-II,7,3.0,0.0,.700,nan
,1989-90,New Haven,D-II,8,2.0,0.0,.800,nan
,1990-91,New Haven,D-II,7,3.0,0.0,.700,nan
,1991-92,New Haven,D-II,3,7.0,0.0,.300,nan
,1992-93,New Haven,D-II,12,1.0,0.0,.923,nan
,1993-94,New Haven,D-II,11,1.0,0.0,.917,nan
,1994-95,Brown,FCS,7,3.0,0.0,.700,nan
,1995-96,Brown,FCS,5,5.0,0.0,.500,nan
,1996-97,Brown,FCS,5,5.0,0.0,.500,nan
,1997-98,Brown,FCS,6,4.0,0.0,.600,nan
,1998-99,Massachusetts,FCS,12,3.0,0.0,.800,nan
,1999-00,Massachusetts,FCS,9,4.0,0.0,.692,nan
,2000-01,Massachusetts,FCS,7,4.0,0.0,.636,nan
,2001-02,Massachusetts,FCS,3,8.0,0.0,.273,nan
,2002-03,Massachusetts,FCS,8,4.0,0.0,.667,nan
,2003-04,Massachusetts,FCS,10,3.0,0.0,.769,nan
,2014-15,Massachusetts,FBS,3,9.0,0.0,.250,nan
,2015-16,Massachusetts,FBS,3,9.0,0.0,.250,nan
,2016-17,Massachusetts,FBS,2,10.0,0.0,.167,nan
,2017-18,Massachusetts,FBS,4,8.0,0.0,.333,nan
Charley Molnar,2012-13,Massachusetts,FBS,1,11.0,0.0,0.083,nan
Charley Molnar,2013-14,Massachusetts,FBS,1,11.0,0.0,0.083,nan
Mike Norvell,2016-17,Memphis,FBS,8,5.0,0.0,0.615,nan
Mike Norvell,2017-18,Memphis,FBS,10,2.0,0.0,0.833,nan
,2012-13,Memphis,FBS,4,8.0,0.0,.333,nan
,2013-14,Memphis,FBS,3,9.0,0.0,.250,nan
,2014-15,Memphis,FBS,10,3.0,0.0,.769,nan
,2015-16,Memphis,FBS,9,3.0,0.0,.750,nan
,2016-17,Virginia Tech,FBS,10,4.0,0.0,.714,nan
,2017-18,Virginia Tech,FBS,9,3.0,0.0,.750,nan
,1998-99,North Texas,FBS,3,8.0,0.0,.273,nan
,1999-00,North Texas,FBS,2,9.0,0.0,.182,nan
,2000-01,North Texas,FBS,3,8.0,0.0,.273,nan
,2001-02,North Texas,FBS,5,7.0,0.0,.417,nan
,2002-03,North Texas,FBS,8,5.0,0.0,.615,nan
,2003-04,North Texas,FBS,9,4.0,0.0,.692,nan
,2004-05,North Texas,FBS,7,5.0,0.0,.583,nan
,2005-06,North Texas,FBS,2,9.0,0.0,.182,nan
,2006-07,North Texas,FBS,3,9.0,0.0,.250,nan
,2015-16,Memphis,FBS,0,1.0,0.0,.000,nan
,2006-07,Temple,FBS,1,11.0,0.0,.083,nan
,2007-08,Temple,FBS,4,8.0,0.0,.333,nan
,2008-09,Temple,FBS,5,7.0,0.0,.417,nan
,2009-10,Temple,FBS,9,4.0,0.0,.692,nan
,2010-11,Temple,FBS,8,4.0,0.0,.667,nan
,2011-12,Miami (FL),FBS,6,6.0,0.0,.500,nan
,2012-13,Miami (FL),FBS,7,5.0,0.0,.583,nan
,2013-14,Miami (FL),FBS,9,4.0,0.0,.692,nan
,2014-15,Miami (FL),FBS,6,7.0,0.0,.462,nan
,2015-16,Miami (FL),FBS,4,3.0,0.0,.571,nan
Larry Scott,2015-16,Miami (FL),FBS,4,2.0,0.0,0.667,nan
Don Treadwell,2011-12,Miami (OH),FBS,4,8.0,0.0,0.33299999999999996,nan
Don Treadwell,2012-13,Miami (OH),FBS,4,8.0,0.0,0.33299999999999996,nan
Don Treadwell,2013-14,Miami (OH),FBS,0,5.0,nan,0.0,nan
Mike Bath,2013-14,Miami (OH),FBS,nan,nan,nan,nan,nan
,2004-05,Grand Valley St.,D-II,10,3.0,0.0,.769,nan
,2005-06,Grand Valley St.,D-II,13,0.0,0.0,1.000,nan
,2006-07,Grand Valley St.,D-II,15,0.0,0.0,1.000,nan
,2007-08,Grand Valley St.,D-II,12,1.0,0.0,.923,nan
,2008-09,Grand Valley St.,D-II,11,1.0,0.0,.917,nan
,2009-10,Grand Valley St.,D-II,13,2.0,0.0,.867,nan
,2014-15,Miami (OH),FBS,2,10.0,0.0,.167,nan
,2015-16,Miami (OH),FBS,3,9.0,0.0,.250,nan
,2016-17,Miami (OH),FBS,6,7.0,0.0,.462,nan
,2017-18,Miami (OH),FBS,5,7.0,0.0,.417,nan
,2004-05,Cincinnati,FBS,7,5.0,0.0,.583,nan
,2005-06,Cincinnati,FBS,4,7.0,0.0,.364,nan
,2006-07,Cincinnati,FBS,7,5.0,0.0,.583,nan
,2007-08,Michigan St.,FBS,7,6.0,0.0,.538,nan
,2008-09,Michigan St.,FBS,9,4.0,0.0,.692,nan
,2009-10,Michigan St.,FBS,6,7.0,0.0,.462,nan
,2010-11,Michigan St.,FBS,11,2.0,0.0,.846,nan
,2011-12,Michigan St.,FBS,11,3.0,0.0,.786,nan
,2012-13,Michigan St.,FBS,7,6.0,0.0,.538,nan
,2013-14,Michigan St.,FBS,13,1.0,0.0,.929,nan
,2014-15,Michigan St.,FBS,11,2.0,0.0,.846,nan
,2015-16,Michigan St.,FBS,12,2.0,0.0,.857,nan
,2016-17,Michigan St.,FBS,3,9.0,0.0,.250,nan
,2017-18,Michigan St.,FBS,9,3.0,0.0,.750,nan
,2003-04,Ball St.,FBS,4,8.0,0.0,.333,nan
,2004-05,Ball St.,FBS,2,9.0,0.0,.182,nan
,2005-06,Ball St.,FBS,4,7.0,0.0,.364,nan
,2006-07,Ball St.,FBS,5,7.0,0.0,.417,nan
,2007-08,Ball St.,FBS,7,6.0,0.0,.538,nan
,2008-09,Ball St.,FBS,12,1.0,0.0,.923,nan
,2009-10,San Diego St.,FBS,4,8.0,0.0,.333,nan
,2010-11,San Diego St.,FBS,9,4.0,0.0,.692,nan
,2011-12,Michigan,FBS,11,2.0,0.0,.846,nan
,2012-13,Michigan,FBS,8,5.0,0.0,.615,nan
,2013-14,Michigan,FBS,7,6.0,0.0,.538,nan
,2014-15,Michigan,FBS,5,7.0,0.0,.417,nan
,2017-18,Tennessee,FBS,0,2.0,0.0,.000,nan
,2004-05,San Diego,FCS,7,4.0,0.0,.636,nan
,2005-06,San Diego,FCS,11,1.0,0.0,.917,nan
,2006-07,San Diego,FCS,11,1.0,0.0,.917,nan
,2007-08,Stanford,FBS,4,8.0,0.0,.333,nan
,2008-09,Stanford,FBS,5,7.0,0.0,.417,nan
,2009-10,Stanford,FBS,8,5.0,0.0,.615,nan
,2010-11,Stanford,FBS,12,1.0,0.0,.923,nan
,2015-16,Michigan,FBS,10,3.0,0.0,.769,nan
,2016-17,Michigan,FBS,10,3.0,0.0,.769,nan
,2017-18,Michigan,FBS,8,4.0,0.0,.667,nan
Rick Stockstill,2006-07,Middle Tenn.,FBS,7,6.0,0.0,0.5379999999999999,nan
Rick Stockstill,2007-08,Middle Tenn.,FBS,5,7.0,0.0,0.41700000000000004,nan
Rick Stockstill,2008-09,Middle Tenn.,FBS,5,7.0,0.0,0.41700000000000004,nan
Rick Stockstill,2009-10,Middle Tenn.,FBS,10,3.0,0.0,0.769,nan
Rick Stockstill,2010-11,Middle Tenn.,FBS,6,7.0,0.0,0.462,nan
Rick Stockstill,2011-12,Middle Tenn.,FBS,2,10.0,0.0,0.16699999999999998,nan
Rick Stockstill,2012-13,Middle Tenn.,FBS,8,4.0,0.0,0.667,nan
Rick Stockstill,2013-14,Middle Tenn.,FBS,8,5.0,0.0,0.615,nan
Rick Stockstill,2014-15,Middle Tenn.,FBS,6,6.0,0.0,0.5,nan
Rick Stockstill,2015-16,Middle Tenn.,FBS,7,6.0,0.0,0.5379999999999999,nan
Rick Stockstill,2016-17,Middle Tenn.,FBS,8,5.0,0.0,0.615,nan
Rick Stockstill,2017-18,Middle Tenn.,FBS,6,6.0,0.0,0.5,nan
,1994-95,Saginaw Valley,D-II,6,4.0,0.0,.600,nan
,1995-96,Saginaw Valley,D-II,7,3.0,0.0,.700,nan
,1996-97,Saginaw Valley,D-II,7,3.0,0.0,.700,nan
,1997-98,Saginaw Valley,D-II,9,2.0,0.0,.818,nan
,1998-99,Saginaw Valley,D-II,9,2.0,0.0,.818,nan
,1999-00,Emporia St.,D-II,5,6.0,0.0,.455,nan
,2000-01,Emporia St.,D-II,6,5.0,0.0,.545,nan
,2001-02,Southern Ill.,FCS,1,10.0,0.0,.091,nan
,2002-03,Southern Ill.,FCS,4,8.0,0.0,.333,nan
,2003-04,Southern Ill.,FCS,10,2.0,0.0,.833,nan
,2004-05,Southern Ill.,FCS,10,2.0,0.0,.833,nan
,2005-06,Southern Ill.,FCS,9,4.0,0.0,.692,nan
,2006-07,Southern Ill.,FCS,9,4.0,0.0,.692,nan
,2007-08,Southern Ill.,FCS,12,2.0,0.0,.857,nan
,2008-09,Northern Ill.,FBS,6,7.0,0.0,.462,nan
,2009-10,Northern Ill.,FBS,7,6.0,0.0,.538,nan
,2010-11,Northern Ill.,FBS,10,3.0,0.0,.769,nan
,2011-12,Minnesota,FBS,3,9.0,0.0,.250,nan
,2012-13,Minnesota,FBS,6,7.0,0.0,.462,nan
,2013-14,Minnesota,FBS,8,5.0,0.0,.615,nan
,2014-15,Minnesota,FBS,8,5.0,0.0,.615,nan
,2015-16,Minnesota,FBS,4,3.0,nan,.571,nan
Tracy Claeys,2015-16,Minnesota,FBS,2,4.0,nan,0.33299999999999996,nan
Tracy Claeys,2016-17,Minnesota,FBS,9,4.0,0.0,0.6920000000000001,nan
Dan Mullen,2009-10,Mississippi St.,FBS,5,7.0,0.0,0.41700000000000004,nan
Dan Mullen,2010-11,Mississippi St.,FBS,9,4.0,0.0,0.6920000000000001,nan
Dan Mullen,2011-12,Mississippi St.,FBS,7,6.0,0.0,0.5379999999999999,nan
Dan Mullen,2012-13,Mississippi St.,FBS,8,5.0,0.0,0.615,nan
Dan Mullen,2013-14,Mississippi St.,FBS,7,6.0,0.0,0.5379999999999999,nan
Dan Mullen,2014-15,Mississippi St.,FBS,10,3.0,0.0,0.769,nan
Dan Mullen,2015-16,Mississippi St.,FBS,9,4.0,0.0,0.6920000000000001,nan
Dan Mullen,2016-17,Mississippi St.,FBS,6,7.0,0.0,0.462,nan
Dan Mullen,2017-18,Mississippi St.,FBS,8,4.0,0.0,0.667,nan
,1991-92,Toledo,FBS,5,5.0,1.0,.500,nan
,1992-93,Toledo,FBS,8,3.0,0.0,.727,nan
,1993-94,Toledo,FBS,4,7.0,0.0,.364,nan
,1994-95,Toledo,FBS,6,4.0,1.0,.591,nan
,1995-96,Toledo,FBS,11,0.0,1.0,.958,nan
,1996-97,Toledo,FBS,7,4.0,0.0,.636,nan
,1997-98,Toledo,FBS,9,3.0,0.0,.750,nan
,1998-99,Toledo,FBS,7,5.0,0.0,.583,nan
,1999-00,Toledo,FBS,6,5.0,0.0,.545,nan
,2000-01,Toledo,FBS,10,1.0,0.0,.909,nan
,2001-02,Missouri,FBS,4,7.0,0.0,.364,nan
,2002-03,Missouri,FBS,5,7.0,0.0,.417,nan
,2003-04,Missouri,FBS,8,5.0,0.0,.615,nan
,2004-05,Missouri,FBS,5,6.0,0.0,.455,nan
,2005-06,Missouri,FBS,7,5.0,0.0,.583,nan
,2006-07,Missouri,FBS,8,5.0,0.0,.615,nan
,2007-08,Missouri,FBS,12,2.0,0.0,.857,nan
,2008-09,Missouri,FBS,10,4.0,0.0,.714,nan
,2009-10,Missouri,FBS,8,5.0,0.0,.615,nan
,2010-11,Missouri,FBS,10,3.0,0.0,.769,nan
,2011-12,Missouri,FBS,8,5.0,0.0,.615,nan
,2012-13,Missouri,FBS,5,7.0,0.0,.417,nan
,2013-14,Missouri,FBS,12,2.0,0.0,.857,nan
,2014-15,Missouri,FBS,11,3.0,0.0,.786,nan
,2015-16,Missouri,FBS,5,7.0,0.0,.417,nan
Barry Odom,2016-17,Missouri,FBS,4,8.0,0.0,0.33299999999999996,nan
Barry Odom,2017-18,Missouri,FBS,7,5.0,0.0,0.583,nan
,2011-12,Northern Ill.,FBS,11,3.0,0.0,.786,nan
,2012-13,Northern Ill.,FBS,12,1.0,nan,.923,nan
,2013-14,NC State,FBS,3,9.0,0.0,.250,nan
,2014-15,NC State,FBS,8,5.0,0.0,.615,nan
,2015-16,NC State,FBS,7,6.0,0.0,.538,nan
,2016-17,NC State,FBS,7,6.0,0.0,.538,nan
,2017-18,NC State,FBS,8,4.0,0.0,.667,nan
Ken Niumatalolo,2007-08,Navy,FBS,0,1.0,nan,0.0,nan
Ken Niumatalolo,2008-09,Navy,FBS,8,5.0,0.0,0.615,nan
Ken Niumatalolo,2009-10,Navy,FBS,10,4.0,0.0,0.7140000000000001,nan
Ken Niumatalolo,2010-11,Navy,FBS,9,4.0,0.0,0.6920000000000001,nan
Ken Niumatalolo,2011-12,Navy,FBS,5,7.0,0.0,0.41700000000000004,nan
Ken Niumatalolo,2012-13,Navy,FBS,8,5.0,0.0,0.615,nan
Ken Niumatalolo,2013-14,Navy,FBS,9,4.0,0.0,0.6920000000000001,nan
Ken Niumatalolo,2014-15,Navy,FBS,8,5.0,0.0,0.615,nan
Ken Niumatalolo,2015-16,Navy,FBS,11,2.0,0.0,0.846,nan
Ken Niumatalolo,2016-17,Navy,FBS,9,5.0,0.0,0.643,nan
Ken Niumatalolo,2017-18,Navy,FBS,6,6.0,0.0,0.5,nan
,1997-98,Oregon St.,FBS,3,8.0,0.0,.273,nan
,1998-99,Oregon St.,FBS,5,6.0,0.0,.455,nan
,2003-04,Oregon St.,FBS,8,5.0,0.0,.615,nan
,2004-05,Oregon St.,FBS,7,5.0,0.0,.583,nan
,2005-06,Oregon St.,FBS,5,6.0,0.0,.455,nan
,2006-07,Oregon St.,FBS,10,4.0,0.0,.714,nan
,2007-08,Oregon St.,FBS,9,4.0,0.0,.692,nan
,2008-09,Oregon St.,FBS,9,4.0,0.0,.692,nan
,2009-10,Oregon St.,FBS,8,5.0,0.0,.615,nan
,2010-11,Oregon St.,FBS,5,7.0,0.0,.417,nan
,2011-12,Oregon St.,FBS,3,9.0,0.0,.250,nan
,2012-13,Oregon St.,FBS,9,4.0,0.0,.692,nan
,2013-14,Oregon St.,FBS,7,6.0,0.0,.538,nan
,2014-15,Oregon St.,FBS,5,7.0,0.0,.417,nan
,2015-16,Nebraska,FBS,6,7.0,0.0,.462,nan
,2016-17,Nebraska,FBS,9,4.0,0.0,.692,nan
,2017-18,Nebraska,FBS,4,8.0,0.0,.333,nan
,2003-04,Nebraska,FBS,1,0.0,nan,1.000,nan
,2008-09,Nebraska,FBS,9,4.0,0.0,.692,nan
,2009-10,Nebraska,FBS,10,4.0,0.0,.714,nan
,2010-11,Nebraska,FBS,10,4.0,0.0,.714,nan
,2011-12,Nebraska,FBS,9,4.0,0.0,.692,nan
,2012-13,Nebraska,FBS,10,4.0,0.0,.714,nan
,2013-14,Nebraska,FBS,9,4.0,0.0,.692,nan
,2014-15,Nebraska,FBS,9,4.0,0.0,.692,nan
,2015-16,Youngstown St.,FCS,5,6.0,0.0,.455,nan
,2016-17,Youngstown St.,FCS,12,4.0,0.0,.750,nan
,2017-18,Youngstown St.,FCS,6,5.0,0.0,.545,nan
Barney Cotton,2014-15,Nebraska,FBS,9,4.0,0.0,0.6920000000000001,nan
Brian Polian,2013-14,Nevada,FBS,4,8.0,0.0,0.33299999999999996,nan
Brian Polian,2014-15,Nevada,FBS,7,6.0,0.0,0.5379999999999999,nan
Brian Polian,2015-16,Nevada,FBS,7,6.0,0.0,0.5379999999999999,nan
Brian Polian,2016-17,Nevada,FBS,5,7.0,0.0,0.41700000000000004,nan
,1997-98,Notre Dame,FBS,7,6.0,0.0,.538,nan
,1998-99,Notre Dame,FBS,9,3.0,0.0,.750,nan
,1999-00,Notre Dame,FBS,5,7.0,nan,.417,nan
,2000-01,Notre Dame,FBS,9,3.0,0.0,.750,nan
,2001-02,Notre Dame,FBS,5,6.0,0.0,.455,nan
,2012-13,New Mexico,FBS,4,9.0,0.0,.308,nan
,2013-14,New Mexico,FBS,3,9.0,0.0,.250,nan
,2014-15,New Mexico,FBS,4,8.0,0.0,.333,nan
,2015-16,New Mexico,FBS,7,6.0,0.0,.538,nan
,2016-17,New Mexico,FBS,9,4.0,0.0,.692,nan
,2017-18,New Mexico,FBS,3,9.0,0.0,.250,nan
,2004-05,Kent St.,FBS,5,6.0,0.0,.455,nan
,2005-06,Kent St.,FBS,1,10.0,0.0,.091,nan
,2006-07,Kent St.,FBS,6,6.0,0.0,.500,nan
,2007-08,Kent St.,FBS,3,9.0,0.0,.250,nan
,2008-09,Kent St.,FBS,4,8.0,0.0,.333,nan
,2009-10,Kent St.,FBS,5,7.0,0.0,.417,nan
,2010-11,Kent St.,FBS,5,7.0,0.0,.417,nan
,2013-14,New Mexico St.,FBS,2,10.0,0.0,.167,nan
,2014-15,New Mexico St.,FBS,2,10.0,0.0,.167,nan
,2015-16,New Mexico St.,FBS,3,9.0,0.0,.250,nan
,2016-17,New Mexico St.,FBS,3,9.0,0.0,.250,nan
,2017-18,New Mexico St.,FBS,6,6.0,0.0,.500,nan
,2008-09,Southern Miss.,FBS,7,6.0,0.0,.538,nan
,2009-10,Southern Miss.,FBS,7,6.0,0.0,.538,nan
,2010-11,Southern Miss.,FBS,8,5.0,0.0,.615,nan
,2011-12,Southern Miss.,FBS,12,2.0,0.0,.857,nan
,2012-13,North Carolina,FBS,8,4.0,0.0,.667,nan
,2013-14,North Carolina,FBS,7,6.0,0.0,.538,nan
,2014-15,North Carolina,FBS,6,7.0,0.0,.462,nan
,2015-16,North Carolina,FBS,11,3.0,0.0,.786,nan
,2016-17,North Carolina,FBS,8,5.0,0.0,.615,nan
,2017-18,North Carolina,FBS,3,9.0,0.0,.250,nan
Seth Littrell,2016-17,North Texas,FBS,5,8.0,0.0,0.385,nan
Seth Littrell,2017-18,North Texas,FBS,9,4.0,0.0,0.6920000000000001,nan
,1995-96,Iowa St.,FBS,3,8.0,0.0,.273,nan
,1996-97,Iowa St.,FBS,2,9.0,0.0,.182,nan
,1997-98,Iowa St.,FBS,1,10.0,0.0,.091,nan
,1998-99,Iowa St.,FBS,3,8.0,0.0,.273,nan
,1999-00,Iowa St.,FBS,4,7.0,0.0,.364,nan
,2000-01,Iowa St.,FBS,9,3.0,0.0,.750,nan
,2001-02,Iowa St.,FBS,7,5.0,0.0,.583,nan
,2002-03,Iowa St.,FBS,7,7.0,0.0,.500,nan
,2003-04,Iowa St.,FBS,2,10.0,0.0,.167,nan
,2004-05,Iowa St.,FBS,7,5.0,0.0,.583,nan
,2005-06,Iowa St.,FBS,7,5.0,0.0,.583,nan
,2006-07,Iowa St.,FBS,4,8.0,0.0,.333,nan
,2011-12,North Texas,FBS,5,7.0,0.0,.417,nan
,2012-13,North Texas,FBS,4,8.0,0.0,.333,nan
,2013-14,North Texas,FBS,9,4.0,0.0,.692,nan
,2014-15,North Texas,FBS,4,8.0,0.0,.333,nan
,2015-16,North Texas,FBS,0,5.0,0.0,.000,nan
Mike Canales,2010-11,North Texas,FBS,2,3.0,nan,0.4,nan
Mike Canales,2015-16,North Texas,FBS,1,6.0,nan,0.14300000000000002,nan
Rod Carey,2012-13,Northern Ill.,FBS,0,1.0,nan,0.0,nan
Rod Carey,2013-14,Northern Ill.,FBS,12,2.0,0.0,0.857,nan
Rod Carey,2014-15,Northern Ill.,FBS,11,3.0,0.0,0.7859999999999999,nan
Rod Carey,2015-16,Northern Ill.,FBS,8,6.0,0.0,0.5710000000000001,nan
Rod Carey,2016-17,Northern Ill.,FBS,5,7.0,0.0,0.41700000000000004,nan
Rod Carey,2017-18,Northern Ill.,FBS,8,4.0,0.0,0.667,nan
Pat Fitzgerald,2006-07,Northwestern,FBS,4,8.0,0.0,0.33299999999999996,nan
Pat Fitzgerald,2007-08,Northwestern,FBS,6,6.0,0.0,0.5,nan
Pat Fitzgerald,2008-09,Northwestern,FBS,9,4.0,0.0,0.6920000000000001,nan
Pat Fitzgerald,2009-10,Northwestern,FBS,8,5.0,0.0,0.615,nan
Pat Fitzgerald,2010-11,Northwestern,FBS,7,6.0,0.0,0.5379999999999999,nan
Pat Fitzgerald,2011-12,Northwestern,FBS,6,7.0,0.0,0.462,nan
Pat Fitzgerald,2012-13,Northwestern,FBS,10,3.0,0.0,0.769,nan
Pat Fitzgerald,2013-14,Northwestern,FBS,5,7.0,0.0,0.41700000000000004,nan
Pat Fitzgerald,2014-15,Northwestern,FBS,5,7.0,0.0,0.41700000000000004,nan
Pat Fitzgerald,2015-16,Northwestern,FBS,10,3.0,0.0,0.769,nan
Pat Fitzgerald,2016-17,Northwestern,FBS,7,6.0,0.0,0.5379999999999999,nan
Pat Fitzgerald,2017-18,Northwestern,FBS,9,3.0,0.0,0.75,nan
,1991-92,Grand Valley St.,D-II,9,3.0,0.0,.750,nan
,1992-93,Grand Valley St.,D-II,8,3.0,0.0,.727,nan
,1993-94,Grand Valley St.,D-II,6,3.0,2.0,.636,nan
,1994-95,Grand Valley St.,D-II,8,4.0,0.0,.667,nan
,1995-96,Grand Valley St.,D-II,8,3.0,0.0,.727,nan
,1996-97,Grand Valley St.,D-II,8,3.0,0.0,.727,nan
,1997-98,Grand Valley St.,D-II,9,2.0,0.0,.818,nan
,1998-99,Grand Valley St.,D-II,9,3.0,0.0,.750,nan
,1999-00,Grand Valley St.,D-II,5,5.0,0.0,.500,nan
,2000-01,Grand Valley St.,D-II,7,4.0,0.0,.636,nan
,2001-02,Grand Valley St.,D-II,13,1.0,0.0,.929,nan
,2002-03,Grand Valley St.,D-II,14,0.0,0.0,1.000,nan
,2003-04,Grand Valley St.,D-II,14,1.0,0.0,.933,nan
,2004-05,Central Mich.,FBS,4,7.0,0.0,.364,nan
,2005-06,Central Mich.,FBS,6,5.0,0.0,.545,nan
,2006-07,Cincinnati,FBS,1,0.0,0.0,1.000,nan
,2006-07,Central Mich.,FBS,9,4.0,0.0,.692,nan
,2007-08,Cincinnati,FBS,10,3.0,0.0,.769,nan
,2008-09,Cincinnati,FBS,11,3.0,0.0,.786,nan
,2009-10,Cincinnati,FBS,12,0.0,nan,1.000,nan
,2010-11,Notre Dame,FBS,8,5.0,0.0,.615,nan
,2011-12,Notre Dame,FBS,8,5.0,0.0,.615,nan
,2012-13,Notre Dame,FBS,12,1.0,0.0,.923,nan
,2013-14,Notre Dame,FBS,9,4.0,0.0,.692,nan
,2014-15,Notre Dame,FBS,8,5.0,0.0,.615,nan
,2015-16,Notre Dame,FBS,10,3.0,0.0,.769,nan
,2016-17,Notre Dame,FBS,4,8.0,0.0,.333,nan
,2017-18,Notre Dame,FBS,9,3.0,0.0,.750,nan
,1998-99,Nebraska,FBS,9,4.0,0.0,.692,nan
,1999-00,Nebraska,FBS,12,1.0,0.0,.923,nan
,2000-01,Nebraska,FBS,10,2.0,0.0,.833,nan
,2001-02,Nebraska,FBS,11,2.0,0.0,.846,nan
,2002-03,Nebraska,FBS,7,7.0,0.0,.500,nan
,2003-04,Nebraska,FBS,9,3.0,nan,.750,nan
,2005-06,Ohio,FBS,4,7.0,0.0,.364,nan
,2006-07,Ohio,FBS,9,5.0,0.0,.643,nan
,2007-08,Ohio,FBS,6,6.0,0.0,.500,nan
,2008-09,Ohio,FBS,4,8.0,0.0,.333,nan
,2009-10,Ohio,FBS,9,5.0,0.0,.643,nan
,2010-11,Ohio,FBS,8,5.0,0.0,.615,nan
,2011-12,Ohio,FBS,10,4.0,0.0,.714,nan
,2012-13,Ohio,FBS,9,4.0,0.0,.692,nan
,2013-14,Ohio,FBS,7,6.0,0.0,.538,nan
,2014-15,Ohio,FBS,6,6.0,0.0,.500,nan
,2015-16,Ohio,FBS,8,5.0,0.0,.615,nan
,2016-17,Ohio,FBS,8,6.0,0.0,.571,nan
,2017-18,Ohio,FBS,8,4.0,0.0,.667,nan
,2001-02,Bowling Green,FBS,8,3.0,0.0,.727,nan
,2002-03,Bowling Green,FBS,9,3.0,0.0,.750,nan
,2003-04,Utah,FBS,10,2.0,0.0,.833,nan
,2004-05,Utah,FBS,12,0.0,0.0,1.000,nan
,2005-06,Florida,FBS,9,3.0,0.0,.750,nan
,2006-07,Florida,FBS,13,1.0,0.0,.929,nan
,2007-08,Florida,FBS,9,4.0,0.0,.692,nan
,2008-09,Florida,FBS,13,1.0,0.0,.929,nan
,2009-10,Florida,FBS,13,1.0,0.0,.929,nan
,2010-11,Florida,FBS,8,5.0,0.0,.615,nan
,2012-13,Ohio St.,FBS,12,0.0,0.0,1.000,nan
,2013-14,Ohio St.,FBS,12,2.0,0.0,.857,nan
,2014-15,Ohio St.,FBS,14,1.0,0.0,.933,nan
,2015-16,Ohio St.,FBS,12,1.0,0.0,.923,nan
,2016-17,Ohio St.,FBS,11,2.0,0.0,.846,nan
,2017-18,Ohio St.,FBS,11,2.0,0.0,.846,nan
Bob Stoops,1999-00,Oklahoma,FBS,7,5.0,0.0,0.583,nan
Bob Stoops,2000-01,Oklahoma,FBS,13,0.0,0.0,1.0,nan
Bob Stoops,2001-02,Oklahoma,FBS,11,2.0,0.0,0.846,nan
Bob Stoops,2002-03,Oklahoma,FBS,12,2.0,0.0,0.857,nan
Bob Stoops,2003-04,Oklahoma,FBS,12,2.0,0.0,0.857,nan
Bob Stoops,2004-05,Oklahoma,FBS,12,1.0,0.0,0.9229999999999999,nan
Bob Stoops,2005-06,Oklahoma,FBS,8,4.0,0.0,0.667,nan
Bob Stoops,2006-07,Oklahoma,FBS,11,3.0,0.0,0.7859999999999999,nan
Bob Stoops,2007-08,Oklahoma,FBS,11,3.0,0.0,0.7859999999999999,nan
Bob Stoops,2008-09,Oklahoma,FBS,12,2.0,0.0,0.857,nan
Bob Stoops,2009-10,Oklahoma,FBS,8,5.0,0.0,0.615,nan
Bob Stoops,2010-11,Oklahoma,FBS,12,2.0,0.0,0.857,nan
Bob Stoops,2011-12,Oklahoma,FBS,10,3.0,0.0,0.769,nan
Bob Stoops,2012-13,Oklahoma,FBS,10,3.0,0.0,0.769,nan
Bob Stoops,2013-14,Oklahoma,FBS,11,2.0,0.0,0.846,nan
Bob Stoops,2014-15,Oklahoma,FBS,8,5.0,0.0,0.615,nan
Bob Stoops,2015-16,Oklahoma,FBS,11,2.0,0.0,0.846,nan
Bob Stoops,2016-17,Oklahoma,FBS,11,2.0,0.0,0.846,nan
Mike Gundy,2005-06,Oklahoma St.,FBS,4,7.0,0.0,0.364,nan
Mike Gundy,2006-07,Oklahoma St.,FBS,7,6.0,0.0,0.5379999999999999,nan
Mike Gundy,2007-08,Oklahoma St.,FBS,7,6.0,0.0,0.5379999999999999,nan
Mike Gundy,2008-09,Oklahoma St.,FBS,9,4.0,0.0,0.6920000000000001,nan
Mike Gundy,2009-10,Oklahoma St.,FBS,9,4.0,0.0,0.6920000000000001,nan
Mike Gundy,2010-11,Oklahoma St.,FBS,11,2.0,0.0,0.846,nan
Mike Gundy,2011-12,Oklahoma St.,FBS,12,1.0,0.0,0.9229999999999999,nan
Mike Gundy,2012-13,Oklahoma St.,FBS,8,5.0,0.0,0.615,nan
Mike Gundy,2013-14,Oklahoma St.,FBS,10,3.0,0.0,0.769,nan
Mike Gundy,2014-15,Oklahoma St.,FBS,7,6.0,0.0,0.5379999999999999,nan
Mike Gundy,2015-16,Oklahoma St.,FBS,10,3.0,0.0,0.769,nan
Mike Gundy,2016-17,Oklahoma St.,FBS,10,3.0,0.0,0.769,nan
Mike Gundy,2017-18,Oklahoma St.,FBS,9,3.0,0.0,0.75,nan
Bobby Wilder,2009-10,Old Dominion,Non-member,9,2.0,0.0,0.818,nan
Bobby Wilder,2010-11,Old Dominion,FCS,8,3.0,0.0,0.727,nan
Bobby Wilder,2011-12,Old Dominion,Non-member,10,3.0,0.0,0.769,nan
Bobby Wilder,2012-13,Old Dominion,FCS,11,2.0,0.0,0.846,nan
Bobby Wilder,2013-14,Old Dominion,FBS,8,4.0,0.0,0.667,nan
Bobby Wilder,2014-15,Old Dominion,FBS,6,6.0,0.0,0.5,nan
Bobby Wilder,2015-16,Old Dominion,FBS,5,7.0,0.0,0.41700000000000004,nan
Bobby Wilder,2016-17,Old Dominion,FBS,10,3.0,0.0,0.769,nan
Bobby Wilder,2017-18,Old Dominion,FBS,5,7.0,0.0,0.41700000000000004,nan
,2008-09,Lambuth,Non-member,8,4.0,0.0,.667,nan
,2009-10,Lambuth,Non-member,12,1.0,nan,.923,nan
,2011-12,Arkansas St.,FBS,10,2.0,0.0,.833,nan
,2012-13,Ole Miss,FBS,7,6.0,0.0,.538,nan
,2013-14,Ole Miss,FBS,8,5.0,0.0,.615,nan
,2014-15,Ole Miss,FBS,9,4.0,0.0,.692,nan
,2015-16,Ole Miss,FBS,10,3.0,0.0,.769,nan
,2016-17,Ole Miss,FBS,5,7.0,0.0,.417,nan
Mark Helfrich,2013-14,Oregon,FBS,11,2.0,0.0,0.846,nan
Mark Helfrich,2014-15,Oregon,FBS,13,2.0,0.0,0.867,nan
Mark Helfrich,2015-16,Oregon,FBS,9,4.0,0.0,0.6920000000000001,nan
Mark Helfrich,2016-17,Oregon,FBS,4,8.0,0.0,0.33299999999999996,nan
,2003-04,Southern Utah,FCS,4,7.0,0.0,.364,nan
,2009-10,Utah St.,FBS,4,8.0,0.0,.333,nan
,2010-11,Utah St.,FBS,4,8.0,0.0,.333,nan
,2011-12,Utah St.,FBS,7,6.0,0.0,.538,nan
,2012-13,Utah St.,FBS,11,2.0,0.0,.846,nan
,2013-14,Wisconsin,FBS,9,4.0,0.0,.692,nan
,2014-15,Wisconsin,FBS,11,3.0,0.0,.786,nan
,2015-16,Oregon St.,FBS,2,10.0,0.0,.167,nan
,2016-17,Oregon St.,FBS,4,8.0,0.0,.333,nan
,2017-18,Oregon St.,FBS,1,5.0,0.0,.167,resigned 10/9/2017
Bill O'Brien,2012-13,Penn St.,FBS,8,4.0,0.0,0.667,nan
Bill O'Brien,2013-14,Penn St.,FBS,7,5.0,0.0,0.583,nan
,2011-12,Vanderbilt,FBS,6,7.0,0.0,.462,nan
,2012-13,Vanderbilt,FBS,9,4.0,0.0,.692,nan
,2013-14,Vanderbilt,FBS,9,4.0,0.0,.692,nan
,2014-15,Penn St.,FBS,7,6.0,0.0,.538,nan
,2015-16,Penn St.,FBS,7,6.0,0.0,.538,nan
,2016-17,Penn St.,FBS,11,3.0,0.0,.786,nan
,2017-18,Penn St.,FBS,10,2.0,0.0,.833,nan
Pat Narduzzi,2015-16,Pittsburgh,FBS,8,5.0,0.0,0.615,nan
Pat Narduzzi,2016-17,Pittsburgh,FBS,8,5.0,0.0,0.615,nan
Pat Narduzzi,2017-18,Pittsburgh,FBS,5,7.0,0.0,0.41700000000000004,nan
,2012-13,Pittsburgh,FBS,6,7.0,0.0,.462,nan
,2013-14,Pittsburgh,FBS,7,6.0,0.0,.538,nan
,2014-15,Pittsburgh,FBS,6,7.0,0.0,.462,nan
,2015-16,Wisconsin,FBS,10,3.0,0.0,.769,nan
,2016-17,Wisconsin,FBS,11,3.0,0.0,.786,nan
,2017-18,Wisconsin,FBS,12,1.0,0.0,.923,nan
Joe Rudolph,2014-15,Pittsburgh,FBS,6,7.0,0.0,0.462,nan
,2011-12,Kent St.,FBS,5,7.0,0.0,.417,nan
,2012-13,Kent St.,FBS,11,3.0,0.0,.786,nan
,2013-14,Purdue,FBS,1,11.0,0.0,.083,nan
,2014-15,Purdue,FBS,3,9.0,0.0,.250,nan
,2015-16,Purdue,FBS,2,10.0,0.0,.167,nan
,2016-17,Purdue,FBS,3,3.0,0.0,.500,nan
Gerad Parker,2016-17,Purdue,FBS,0,6.0,0.0,0.0,nan
,2004-05,Texas St.,FCS,5,6.0,0.0,.455,nan
,2005-06,Texas St.,FCS,11,3.0,0.0,.786,nan
,2006-07,Texas St.,FCS,5,6.0,0.0,.455,nan
,2007-08,Rice,FBS,3,9.0,0.0,.250,nan
,2008-09,Rice,FBS,10,3.0,0.0,.769,nan
,2009-10,Rice,FBS,2,10.0,0.0,.167,nan
,2010-11,Rice,FBS,4,8.0,0.0,.333,nan
,2011-12,Rice,FBS,4,8.0,0.0,.333,nan
,2012-13,Rice,FBS,7,6.0,0.0,.538,nan
,2013-14,Rice,FBS,10,4.0,0.0,.714,nan
,2014-15,Rice,FBS,8,5.0,0.0,.615,nan
,2015-16,Rice,FBS,5,7.0,0.0,.417,nan
,2016-17,Rice,FBS,3,9.0,0.0,.250,nan
,2017-18,Rice,FBS,1,11.0,0.0,.083,nan
Kyle Flood,2012-13,Rutgers,FBS,9,4.0,0.0,0.6920000000000001,nan
Kyle Flood,2013-14,Rutgers,FBS,6,7.0,0.0,0.462,nan
Kyle Flood,2014-15,Rutgers,FBS,8,5.0,0.0,0.615,nan
Kyle Flood,2015-16,Rutgers,FBS,4,8.0,0.0,0.33299999999999996,nan
Chris Ash,2016-17,Rutgers,FBS,2,10.0,0.0,0.16699999999999998,nan
Chris Ash,2017-18,Rutgers,FBS,4,8.0,0.0,0.33299999999999996,nan
,1999-00,Hawaii,FBS,9,4.0,0.0,.692,nan
,2000-01,Hawaii,FBS,3,9.0,0.0,.250,nan
,2001-02,Hawaii,FBS,9,3.0,0.0,.750,nan
,2002-03,Hawaii,FBS,10,4.0,0.0,.714,nan
,2003-04,Hawaii,FBS,9,5.0,0.0,.643,nan
,2004-05,Hawaii,FBS,8,5.0,0.0,.615,nan
,2005-06,Hawaii,FBS,5,7.0,0.0,.417,nan
,2006-07,Hawaii,FBS,11,3.0,0.0,.786,nan
,2007-08,Hawaii,FBS,12,1.0,0.0,.923,nan
,2008-09,SMU,FBS,1,11.0,0.0,.083,nan
,2009-10,SMU,FBS,8,5.0,0.0,.615,nan
,2010-11,SMU,FBS,7,7.0,0.0,.500,nan
,2011-12,SMU,FBS,8,5.0,0.0,.615,nan
,2012-13,SMU,FBS,7,6.0,0.0,.538,nan
,2013-14,SMU,FBS,5,7.0,0.0,.417,nan
,2014-15,SMU,FBS,1,11.0,0.0,.083,nan
Chad Morris,2015-16,SMU,FBS,2,10.0,0.0,0.16699999999999998,nan
Chad Morris,2016-17,SMU,FBS,5,7.0,0.0,0.41700000000000004,nan
Chad Morris,2017-18,SMU,FBS,7,5.0,0.0,0.583,nan
,1996-97,Boise St.,FBS,1,9.0,0.0,.100,nan
,2014-15,SMU,FBS,1,11.0,0.0,.083,nan
,1998-99,New Mexico,FBS,3,9.0,0.0,.250,nan
,1999-00,New Mexico,FBS,4,7.0,0.0,.364,nan
,2000-01,New Mexico,FBS,5,7.0,0.0,.417,nan
,2001-02,New Mexico,FBS,6,5.0,0.0,.545,nan
,2002-03,New Mexico,FBS,7,7.0,0.0,.500,nan
,2003-04,New Mexico,FBS,8,5.0,0.0,.615,nan
,2004-05,New Mexico,FBS,7,5.0,0.0,.583,nan
,2005-06,New Mexico,FBS,6,5.0,0.0,.545,nan
,2006-07,New Mexico,FBS,6,7.0,0.0,.462,nan
,2007-08,New Mexico,FBS,9,4.0,0.0,.692,nan
,2008-09,New Mexico,FBS,4,8.0,0.0,.333,nan
,2011-12,San Diego St.,FBS,8,5.0,0.0,.615,nan
,2012-13,San Diego St.,FBS,9,4.0,0.0,.692,nan
,2013-14,San Diego St.,FBS,8,5.0,0.0,.615,nan
,2014-15,San Diego St.,FBS,7,6.0,0.0,.538,nan
,2015-16,San Diego St.,FBS,11,3.0,0.0,.786,nan
,2016-17,San Diego St.,FBS,11,3.0,0.0,.786,nan
,2017-18,San Diego St.,FBS,10,2.0,0.0,.833,nan
,2007-08,San Diego,FCS,9,2.0,0.0,.818,nan
,2008-09,San Diego,FCS,9,2.0,0.0,.818,nan
,2009-10,San Diego,FCS,4,7.0,0.0,.364,nan
,2010-11,San Diego,FCS,5,6.0,0.0,.455,nan
,2011-12,San Diego,Non-member,9,2.0,0.0,.818,nan
,2012-13,San Diego,FCS,8,3.0,0.0,.727,nan
,2013-14,San Jose St.,FBS,6,6.0,0.0,.500,nan
,2014-15,San Jose St.,FBS,3,9.0,0.0,.250,nan
,2015-16,San Jose St.,FBS,6,7.0,0.0,.462,nan
,2016-17,San Jose St.,FBS,4,8.0,0.0,.333,nan
,2007-08,Birmingham-So.,Non-member,1,7.0,0.0,.125,nan
,2009-10,South Ala.,Non-member,7,0.0,nan,1.000,nan
,2010-11,South Ala.,Non-member,10,0.0,0.0,1.000,nan
,2011-12,South Ala.,Non-member,6,4.0,0.0,.600,nan
,2012-13,South Ala.,FBS,2,11.0,0.0,.154,nan
,2013-14,South Ala.,FBS,6,6.0,0.0,.500,nan
,2014-15,South Ala.,FBS,6,7.0,0.0,.462,nan
,2015-16,South Ala.,FBS,5,7.0,0.0,.417,nan
,2016-17,South Ala.,FBS,6,7.0,0.0,.462,nan
,2017-18,South Ala.,FBS,4,8.0,0.0,.333,nan
,1987-88,Duke,FBS,5,6.0,0.0,.455,nan
,1988-89,Duke,FBS,7,3.0,1.0,.682,nan
,1989-90,Duke,FBS,8,4.0,0.0,.667,nan
,1990-91,Florida,FBS,9,2.0,0.0,.818,nan
,1991-92,Florida,FBS,10,2.0,0.0,.833,nan
,1992-93,Florida,FBS,9,4.0,0.0,.692,nan
,1993-94,Florida,FBS,11,2.0,0.0,.846,nan
,1994-95,Florida,FBS,10,2.0,1.0,.808,nan
,1995-96,Florida,FBS,12,1.0,0.0,.923,nan
,1996-97,Florida,FBS,12,1.0,0.0,.923,nan
,1997-98,Florida,FBS,10,2.0,0.0,.833,nan
,1998-99,Florida,FBS,10,2.0,0.0,.833,nan
,1999-00,Florida,FBS,9,4.0,nan,.692,nan
,2000-01,Florida,FBS,10,3.0,0.0,.769,nan
,2001-02,Florida,FBS,10,2.0,0.0,.833,nan
,2005-06,South Carolina,FBS,7,5.0,0.0,.583,nan
,2006-07,South Carolina,FBS,8,5.0,0.0,.615,nan
,2007-08,South Carolina,FBS,6,6.0,0.0,.500,nan
,2008-09,South Carolina,FBS,7,6.0,0.0,.538,nan
,2009-10,South Carolina,FBS,7,6.0,0.0,.538,nan
,2010-11,South Carolina,FBS,9,5.0,0.0,.643,nan
,2011-12,South Carolina,FBS,11,2.0,0.0,.846,nan
,2012-13,South Carolina,FBS,11,2.0,0.0,.846,nan
,2013-14,South Carolina,FBS,11,2.0,0.0,.846,nan
,2014-15,South Carolina,FBS,7,6.0,0.0,.538,nan
,2015-16,South Carolina,FBS,2,4.0,0.0,.333,nan
,2015-16,South Carolina,FBS,1,5.0,0.0,.167,nan
,2017-18,Georgia St.,FBS,6,5.0,0.0,.545,nan
,2010-11,Western Ky.,FBS,2,10.0,0.0,.167,nan
,2011-12,Western Ky.,FBS,7,5.0,0.0,.583,nan
,2012-13,Western Ky.,FBS,7,5.0,nan,.583,nan
,2013-14,South Fla.,FBS,2,10.0,0.0,.167,nan
,2014-15,South Fla.,FBS,4,8.0,0.0,.333,nan
,2015-16,South Fla.,FBS,8,5.0,0.0,.615,nan
,2016-17,South Fla.,FBS,10,2.0,0.0,.833,nan
,2017-18,Oregon,FBS,7,5.0,0.0,.583,nan
,2013-14,UConn,FBS,3,5.0,0.0,.375,nan
,2016-17,South Fla.,FBS,1,0.0,0.0,1.000,Interim coach for Birmingham Bowl
,2009-10,Washington,FBS,5,7.0,0.0,.417,nan
,2010-11,Washington,FBS,7,6.0,0.0,.538,nan
,2011-12,Washington,FBS,7,6.0,0.0,.538,nan
,2012-13,Washington,FBS,7,6.0,0.0,.538,nan
,2013-14,Washington,FBS,9,4.0,0.0,.692,nan
,2014-15,Southern California,FBS,9,4.0,0.0,.692,nan
,2015-16,Southern California,FBS,3,2.0,nan,.600,nan
Clay Helton,2013-14,Southern California,FBS,1,0.0,nan,1.0,nan
Clay Helton,2015-16,Southern California,FBS,5,4.0,nan,0.556,nan
Clay Helton,2016-17,Southern California,FBS,10,3.0,0.0,0.769,nan
Clay Helton,2017-18,Southern California,FBS,11,2.0,0.0,0.846,nan
,2009-10,Tennessee,FBS,7,6.0,0.0,.538,nan
,2010-11,Southern California,FBS,8,5.0,0.0,.615,nan
,2011-12,Southern California,FBS,10,2.0,0.0,.833,nan
,2012-13,Southern California,FBS,7,6.0,0.0,.538,nan
,2013-14,Southern California,FBS,3,2.0,0.0,.600,nan
,2017-18,Fla. Atlantic,FBS,10,3.0,0.0,.769,nan
Todd Monken,2013-14,Southern Miss.,FBS,1,11.0,0.0,0.083,nan
Todd Monken,2014-15,Southern Miss.,FBS,3,9.0,0.0,0.25,nan
Todd Monken,2015-16,Southern Miss.,FBS,9,5.0,0.0,0.643,nan
,2012-13,Alcorn,FCS,4,7.0,0.0,.364,nan
,2013-14,Alcorn,FCS,9,3.0,0.0,.750,nan
,2014-15,Alcorn,FCS,10,3.0,0.0,.769,nan
,2015-16,Alcorn,FCS,9,4.0,0.0,.692,nan
,2016-17,Southern Miss.,FBS,7,6.0,0.0,.538,nan
,2017-18,Southern Miss.,FBS,8,4.0,0.0,.667,nan
David Shaw,2011-12,Stanford,FBS,11,2.0,0.0,0.846,nan
David Shaw,2012-13,Stanford,FBS,12,2.0,0.0,0.857,nan
David Shaw,2013-14,Stanford,FBS,11,3.0,0.0,0.7859999999999999,nan
David Shaw,2014-15,Stanford,FBS,8,5.0,0.0,0.615,nan
David Shaw,2015-16,Stanford,FBS,12,2.0,0.0,0.857,nan
David Shaw,2016-17,Stanford,FBS,10,3.0,0.0,0.769,nan
David Shaw,2017-18,Stanford,FBS,9,4.0,0.0,0.6920000000000001,nan
Scott Shafer,2013-14,Syracuse,FBS,7,6.0,0.0,0.5379999999999999,nan
Scott Shafer,2014-15,Syracuse,FBS,3,9.0,0.0,0.25,nan
Scott Shafer,2015-16,Syracuse,FBS,4,8.0,0.0,0.33299999999999996,nan
Gary Patterson,2000-01,TCU,FBS,0,1.0,0.0,0.0,nan
Gary Patterson,2001-02,TCU,FBS,6,6.0,0.0,0.5,nan
Gary Patterson,2002-03,TCU,FBS,10,2.0,0.0,0.833,nan
Gary Patterson,2003-04,TCU,FBS,11,2.0,0.0,0.846,nan
Gary Patterson,2004-05,TCU,FBS,5,6.0,0.0,0.455,nan
Gary Patterson,2005-06,TCU,FBS,11,1.0,0.0,0.917,nan
Gary Patterson,2006-07,TCU,FBS,11,2.0,0.0,0.846,nan
Gary Patterson,2007-08,TCU,FBS,8,5.0,0.0,0.615,nan
Gary Patterson,2008-09,TCU,FBS,11,2.0,0.0,0.846,nan
Gary Patterson,2009-10,TCU,FBS,12,1.0,0.0,0.9229999999999999,nan
Gary Patterson,2010-11,TCU,FBS,13,0.0,0.0,1.0,nan
Gary Patterson,2011-12,TCU,FBS,11,2.0,0.0,0.846,nan
Gary Patterson,2012-13,TCU,FBS,7,6.0,0.0,0.5379999999999999,nan
Gary Patterson,2013-14,TCU,FBS,4,8.0,0.0,0.33299999999999996,nan
Gary Patterson,2014-15,TCU,FBS,12,1.0,0.0,0.9229999999999999,nan
Gary Patterson,2015-16,TCU,FBS,11,2.0,0.0,0.846,nan
Gary Patterson,2016-17,TCU,FBS,6,7.0,0.0,0.462,nan
Gary Patterson,2017-18,TCU,FBS,10,3.0,0.0,0.769,nan
,2013-14,Temple,FBS,2,10.0,0.0,.167,nan
,2014-15,Temple,FBS,6,6.0,0.0,.500,nan
,2015-16,Temple,FBS,10,4.0,0.0,.714,nan
,2016-17,Temple,FBS,10,3.0,0.0,.769,nan
,2017-18,Baylor,FBS,1,11.0,0.0,.083,nan
,2004-05,Fordham,FCS,5,6.0,0.0,.455,nan
,2005-06,Fordham,FCS,2,9.0,0.0,.182,nan
,2016-17,Temple,FBS,0,1.0,0.0,.000,nan
,2007-08,Central Mich.,FBS,8,6.0,0.0,.571,nan
,2008-09,Central Mich.,FBS,8,5.0,0.0,.615,nan
,2009-10,Central Mich.,FBS,11,2.0,nan,.846,nan
,2010-11,Cincinnati,FBS,4,8.0,0.0,.333,nan
,2011-12,Cincinnati,FBS,10,3.0,0.0,.769,nan
,2012-13,Cincinnati,FBS,9,3.0,nan,.750,nan
,2013-14,Tennessee,FBS,5,7.0,0.0,.417,nan
,2014-15,Tennessee,FBS,7,6.0,0.0,.538,nan
,2015-16,Tennessee,FBS,9,4.0,0.0,.692,nan
,2016-17,Tennessee,FBS,9,4.0,0.0,.692,nan
,2017-18,Tennessee,FBS,4,6.0,0.0,.400,nan
,2008-09,Houston,FBS,8,5.0,0.0,.615,nan
,2009-10,Houston,FBS,10,4.0,0.0,.714,nan
,2010-11,Houston,FBS,5,7.0,0.0,.417,nan
,2011-12,Houston,FBS,12,1.0,nan,.923,nan
,2012-13,Texas A&M,FBS,11,2.0,0.0,.846,nan
,2013-14,Texas A&M,FBS,9,4.0,0.0,.692,nan
,2014-15,Texas A&M,FBS,8,5.0,0.0,.615,nan
,2015-16,Texas A&M,FBS,8,5.0,0.0,.615,nan
,2016-17,Texas A&M,FBS,8,5.0,0.0,.615,nan
,2017-18,Texas A&M,FBS,7,5.0,0.0,.583,nan
,2004-05,Florida,FBS,0,1.0,nan,.000,nan
,2010-11,Louisville,FBS,7,6.0,0.0,.538,nan
,2011-12,Louisville,FBS,7,6.0,0.0,.538,nan
,2012-13,Louisville,FBS,11,2.0,0.0,.846,nan
,2013-14,Louisville,FBS,12,1.0,0.0,.923,nan
,2014-15,Texas,FBS,6,7.0,0.0,.462,nan
,2015-16,Texas,FBS,5,7.0,0.0,.417,nan
,2016-17,Texas,FBS,5,7.0,0.0,.417,nan
,2017-18,South Fla.,FBS,9,2.0,0.0,.818,nan
,1983-84,Appalachian St.,FCS,6,5.0,0.0,.545,nan
,1985-86,Tulane,FBS,1,10.0,0.0,.091,nan
,1986-87,Tulane,FBS,4,7.0,0.0,.364,nan
,1987-88,Tulane,FBS,6,6.0,0.0,.500,nan
,1988-89,North Carolina,FBS,1,10.0,0.0,.091,nan
,1989-90,North Carolina,FBS,1,10.0,0.0,.091,nan
,1990-91,North Carolina,FBS,6,4.0,1.0,.591,nan
,1991-92,North Carolina,FBS,7,4.0,0.0,.636,nan
,1992-93,North Carolina,FBS,9,3.0,0.0,.750,nan
,1993-94,North Carolina,FBS,10,3.0,0.0,.769,nan
,1994-95,North Carolina,FBS,8,4.0,0.0,.667,nan
,1995-96,North Carolina,FBS,7,5.0,0.0,.583,nan
,1996-97,North Carolina,FBS,10,2.0,0.0,.833,nan
,1997-98,North Carolina,FBS,10,1.0,0.0,.909,nan
,1998-99,Texas,FBS,9,3.0,0.0,.750,nan
,1999-00,Texas,FBS,9,5.0,0.0,.643,nan
,2000-01,Texas,FBS,9,3.0,0.0,.750,nan
,2001-02,Texas,FBS,11,2.0,0.0,.846,nan
,2002-03,Texas,FBS,11,2.0,0.0,.846,nan
,2003-04,Texas,FBS,10,3.0,0.0,.769,nan
,2004-05,Texas,FBS,11,1.0,0.0,.917,nan
,2005-06,Texas,FBS,13,0.0,0.0,1.000,nan
,2006-07,Texas,FBS,10,3.0,0.0,.769,nan
,2007-08,Texas,FBS,10,3.0,0.0,.769,nan
,2008-09,Texas,FBS,12,1.0,0.0,.923,nan
,2009-10,Texas,FBS,13,1.0,0.0,.929,nan
,2010-11,Texas,FBS,5,7.0,0.0,.417,nan
,2011-12,Texas,FBS,8,5.0,0.0,.615,nan
,2012-13,Texas,FBS,9,4.0,0.0,.692,nan
,2013-14,Texas,FBS,8,5.0,0.0,.615,nan
,1981-82,Southwestern (KS),Non-member,7,2.0,1.0,.750,nan
,1982-83,Southwestern (KS),Non-member,7,2.0,1.0,.750,nan
,1985-86,Pittsburg St.,Non-member,8,2.0,0.0,.800,nan
,1986-87,Pittsburg St.,Non-member,11,1.0,0.0,.917,nan
,1987-88,Pittsburg St.,Non-member,11,1.0,0.0,.917,nan
,1988-89,Pittsburg St.,D-II,11,1.0,0.0,.917,nan
,1989-90,Pittsburg St.,D-II,12,1.0,0.0,.923,nan
,1990-91,Texas St.,FCS,6,5.0,0.0,.545,nan
,1991-92,Texas St.,FCS,7,4.0,0.0,.636,nan
,1992-93,New Mexico,FBS,3,8.0,0.0,.273,nan
,1993-94,New Mexico,FBS,6,5.0,0.0,.545,nan
,1994-95,New Mexico,FBS,5,7.0,0.0,.417,nan
,1995-96,New Mexico,FBS,4,7.0,0.0,.364,nan
,1996-97,New Mexico,FBS,6,5.0,0.0,.545,nan
,1997-98,New Mexico,FBS,9,4.0,0.0,.692,nan
,1998-99,TCU,FBS,7,5.0,0.0,.583,nan
,1999-00,TCU,FBS,8,4.0,0.0,.667,nan
,2000-01,TCU,FBS,10,1.0,0.0,.909,nan
,2001-02,Alabama,FBS,7,5.0,0.0,.583,nan
,2002-03,Alabama,FBS,10,3.0,0.0,.769,nan
,2003-04,Texas A&M,FBS,4,8.0,0.0,.333,nan
,2004-05,Texas A&M,FBS,7,5.0,0.0,.583,nan
,2005-06,Texas A&M,FBS,5,6.0,0.0,.455,nan
,2006-07,Texas A&M,FBS,9,4.0,0.0,.692,nan
,2007-08,Texas A&M,FBS,7,5.0,0.0,.583,nan
,2011-12,Texas St.,Non-member,6,6.0,0.0,.500,nan
,2012-13,Texas St.,FBS,4,8.0,0.0,.333,nan
,2013-14,Texas St.,FBS,6,6.0,0.0,.500,nan
,2014-15,Texas St.,FBS,7,5.0,0.0,.583,nan
,2015-16,Texas St.,FBS,3,9.0,0.0,.250,nan
,2011-12,North Carolina,FBS,7,6.0,0.0,.538,nan
,2014-15,James Madison,FCS,9,4.0,0.0,.692,nan
,2015-16,James Madison,FCS,9,3.0,0.0,.750,nan
,2016-17,Texas St.,FBS,2,10.0,0.0,.167,nan
,2017-18,Texas St.,FBS,2,10.0,0.0,.167,nan
Kliff Kingsbury,2013-14,Texas Tech,FBS,8,5.0,0.0,0.615,nan
Kliff Kingsbury,2014-15,Texas Tech,FBS,4,8.0,0.0,0.33299999999999996,nan
Kliff Kingsbury,2015-16,Texas Tech,FBS,7,6.0,0.0,0.5379999999999999,nan
Kliff Kingsbury,2016-17,Texas Tech,FBS,5,7.0,0.0,0.41700000000000004,nan
Kliff Kingsbury,2017-18,Texas Tech,FBS,6,6.0,0.0,0.5,nan
Jason Candle,2015-16,Toledo,FBS,1,0.0,nan,1.0,nan
Jason Candle,2016-17,Toledo,FBS,9,4.0,0.0,0.6920000000000001,nan
Jason Candle,2017-18,Toledo,FBS,11,2.0,0.0,0.846,nan
Neal Brown,2015-16,Troy,FBS,4,8.0,0.0,0.33299999999999996,nan
Neal Brown,2016-17,Troy,FBS,10,3.0,0.0,0.769,nan
Neal Brown,2017-18,Troy,FBS,10,2.0,0.0,0.833,nan
Larry Blakeney,1991-92,Troy,D-II,5,6.0,0.0,0.455,nan
Larry Blakeney,1992-93,Troy,D-II,10,1.0,0.0,0.909,nan
Larry Blakeney,1993-94,Troy,FCS,12,1.0,1.0,0.893,nan
Larry Blakeney,1994-95,Troy,FCS,8,4.0,0.0,0.667,nan
Larry Blakeney,1995-96,Troy,FCS,11,1.0,0.0,0.917,nan
Larry Blakeney,1996-97,Troy,FCS,12,2.0,0.0,0.857,nan
Larry Blakeney,1997-98,Troy,FCS,5,6.0,0.0,0.455,nan
Larry Blakeney,1998-99,Troy,FCS,8,4.0,0.0,0.667,nan
Larry Blakeney,1999-00,Troy,FCS,11,2.0,0.0,0.846,nan
Larry Blakeney,2000-01,Troy,FCS,9,3.0,0.0,0.75,nan
Larry Blakeney,2001-02,Troy,FCS,7,4.0,0.0,0.636,nan
Larry Blakeney,2002-03,Troy,FBS,4,8.0,0.0,0.33299999999999996,nan
Larry Blakeney,2003-04,Troy,FBS,6,6.0,0.0,0.5,nan
Larry Blakeney,2004-05,Troy,FBS,7,5.0,0.0,0.583,nan
Larry Blakeney,2005-06,Troy,FBS,4,7.0,0.0,0.364,nan
Larry Blakeney,2006-07,Troy,FBS,8,5.0,0.0,0.615,nan
Larry Blakeney,2007-08,Troy,FBS,8,4.0,0.0,0.667,nan
Larry Blakeney,2008-09,Troy,FBS,8,5.0,0.0,0.615,nan
Larry Blakeney,2009-10,Troy,FBS,9,4.0,0.0,0.6920000000000001,nan
Larry Blakeney,2010-11,Troy,FBS,8,5.0,0.0,0.615,nan
Larry Blakeney,2011-12,Troy,FBS,3,9.0,0.0,0.25,nan
Larry Blakeney,2012-13,Troy,FBS,5,7.0,0.0,0.41700000000000004,nan
Larry Blakeney,2013-14,Troy,FBS,6,6.0,0.0,0.5,nan
Larry Blakeney,2014-15,Troy,FBS,3,9.0,0.0,0.25,nan
Curtis Johnson,2012-13,Tulane,FBS,2,10.0,0.0,0.16699999999999998,nan
Curtis Johnson,2013-14,Tulane,FBS,7,6.0,0.0,0.5379999999999999,nan
Curtis Johnson,2014-15,Tulane,FBS,3,9.0,0.0,0.25,nan
Curtis Johnson,2015-16,Tulane,FBS,3,9.0,0.0,0.25,nan
Philip Montgomery,2015-16,Tulsa,FBS,6,7.0,0.0,0.462,nan
Philip Montgomery,2016-17,Tulsa,FBS,10,3.0,0.0,0.769,nan
Philip Montgomery,2017-18,Tulsa,FBS,2,10.0,0.0,0.16699999999999998,nan
Bill Blankenship,2011-12,Tulsa,FBS,8,5.0,0.0,0.615,nan
Bill Blankenship,2012-13,Tulsa,FBS,11,3.0,0.0,0.7859999999999999,nan
Bill Blankenship,2013-14,Tulsa,FBS,3,9.0,0.0,0.25,nan
Bill Blankenship,2014-15,Tulsa,FBS,2,10.0,0.0,0.16699999999999998,nan
Garrick McGee,2012-13,UAB,FBS,3,9.0,0.0,0.25,nan
Garrick McGee,2013-14,UAB,FBS,2,10.0,0.0,0.16699999999999998,nan
Danny Barrett,2015-16,UCF,FBS,0,4.0,0.0,0.0,nan
,1994-95,Georgia Tech,FBS,0,3.0,0.0,.000,nan
,1995-96,Georgia Tech,FBS,6,5.0,0.0,.545,nan
,1996-97,Georgia Tech,FBS,5,6.0,0.0,.455,nan
,1997-98,Georgia Tech,FBS,7,5.0,0.0,.583,nan
,1998-99,Georgia Tech,FBS,10,2.0,0.0,.833,nan
,1999-00,Georgia Tech,FBS,8,4.0,nan,.667,nan
,2000-01,Georgia Tech,FBS,9,3.0,0.0,.750,nan
,2001-02,Georgia Tech,FBS,7,5.0,0.0,.583,nan
,2004-05,UCF,FBS,0,11.0,0.0,.000,nan
,2005-06,UCF,FBS,8,5.0,0.0,.615,nan
,2006-07,UCF,FBS,4,8.0,0.0,.333,nan
,2007-08,UCF,FBS,10,4.0,0.0,.714,nan
,2008-09,UCF,FBS,4,8.0,0.0,.333,nan
,2009-10,UCF,FBS,8,5.0,0.0,.615,nan
,2010-11,UCF,FBS,11,3.0,0.0,.786,nan
,2011-12,UCF,FBS,5,7.0,0.0,.417,nan
,2012-13,UCF,FBS,10,4.0,0.0,.714,nan
,2013-14,UCF,FBS,12,1.0,0.0,.923,nan
,2014-15,UCF,FBS,9,4.0,0.0,.692,nan
,2015-16,UCF,FBS,0,8.0,0.0,.000,nan
Scott Frost,2016-17,UCF,FBS,6,7.0,0.0,0.462,nan
Scott Frost,2017-18,UCF,FBS,12,0.0,0.0,1.0,nan
Jim L. Mora,2012-13,UCLA,FBS,9,5.0,0.0,0.643,nan
Jim L. Mora,2013-14,UCLA,FBS,10,3.0,0.0,0.769,nan
Jim L. Mora,2014-15,UCLA,FBS,10,3.0,0.0,0.769,nan
Jim L. Mora,2015-16,UCLA,FBS,8,5.0,0.0,0.615,nan
Jim L. Mora,2016-17,UCLA,FBS,4,8.0,0.0,0.33299999999999996,nan
Jim L. Mora,2017-18,UCLA,FBS,6,6.0,0.0,0.5,nan
,1982-83,Western Conn. St.,D-III,2,7.0,0.0,.222,nan
,1983-84,Western Conn. St.,D-III,7,3.0,0.0,.700,nan
,1984-85,Western Conn. St.,D-III,9,1.0,0.0,.900,nan
,1985-86,Western Conn. St.,D-III,10,2.0,0.0,.833,nan
,1986-87,Western Conn. St.,D-III,6,4.0,0.0,.600,nan
,1991-92,Syracuse,FBS,10,2.0,0.0,.833,nan
,1992-93,Syracuse,FBS,10,2.0,0.0,.833,nan
,1993-94,Syracuse,FBS,6,4.0,1.0,.591,nan
,1994-95,Syracuse,FBS,7,4.0,0.0,.636,nan
,1995-96,Syracuse,FBS,9,3.0,0.0,.750,nan
,1996-97,Syracuse,FBS,9,3.0,0.0,.750,nan
,1997-98,Syracuse,FBS,9,4.0,0.0,.692,nan
,1998-99,Syracuse,FBS,8,4.0,0.0,.667,nan
,1999-00,Syracuse,FBS,7,5.0,0.0,.583,nan
,2000-01,Syracuse,FBS,6,5.0,0.0,.545,nan
,2001-02,Syracuse,FBS,10,3.0,0.0,.769,nan
,2002-03,Syracuse,FBS,4,8.0,0.0,.333,nan
,2003-04,Syracuse,FBS,6,6.0,0.0,.500,nan
,2004-05,Syracuse,FBS,0,6.0,0.0,.000,nan
,2011-12,UConn,FBS,5,7.0,0.0,.417,nan
,2012-13,UConn,FBS,5,7.0,0.0,.417,nan
,2013-14,UConn,FBS,0,4.0,0.0,.000,nan
Bob Diaco,2014-15,UConn,FBS,2,10.0,0.0,0.16699999999999998,nan
Bob Diaco,2015-16,UConn,FBS,6,7.0,0.0,0.462,nan
Bob Diaco,2016-17,UConn,FBS,3,9.0,0.0,0.25,nan
Tony Sanchez,2015-16,UNLV,FBS,3,9.0,0.0,0.25,nan
Tony Sanchez,2016-17,UNLV,FBS,4,8.0,0.0,0.33299999999999996,nan
Tony Sanchez,2017-18,UNLV,FBS,5,7.0,0.0,0.41700000000000004,nan
,2003-04,Montana,FCS,9,4.0,0.0,.692,nan
,2004-05,Montana,FCS,12,3.0,0.0,.800,nan
,2005-06,Montana,FCS,8,4.0,0.0,.667,nan
,2006-07,Montana,FCS,12,2.0,0.0,.857,nan
,2007-08,Montana,FCS,11,1.0,0.0,.917,nan
,2008-09,Montana,FCS,14,2.0,0.0,.875,nan
,2009-10,Montana,FCS,14,1.0,0.0,.933,nan
,2010-11,UNLV,FBS,2,11.0,0.0,.154,nan
,2011-12,UNLV,FBS,2,10.0,0.0,.167,nan
,2012-13,UNLV,FBS,2,11.0,0.0,.154,nan
,2013-14,UNLV,FBS,7,6.0,0.0,.538,nan
,2014-15,UNLV,FBS,2,11.0,0.0,.154,nan
Sean Kugler,2013-14,UTEP,FBS,2,10.0,0.0,0.16699999999999998,nan
Sean Kugler,2014-15,UTEP,FBS,7,6.0,0.0,0.5379999999999999,nan
Sean Kugler,2015-16,UTEP,FBS,5,7.0,0.0,0.41700000000000004,nan
Sean Kugler,2016-17,UTEP,FBS,4,8.0,0.0,0.33299999999999996,nan
Sean Kugler,2017-18,UTEP,FBS,0,5.0,0.0,0.0,Resigned 10/1/2017
,2001-02,Miami (FL),FBS,12,0.0,0.0,1.000,nan
,2002-03,Miami (FL),FBS,12,1.0,0.0,.923,nan
,2003-04,Miami (FL),FBS,11,2.0,0.0,.846,nan
,2004-05,Miami (FL),FBS,9,3.0,0.0,.750,nan
,2005-06,Miami (FL),FBS,9,3.0,0.0,.750,nan
,2006-07,Miami (FL),FBS,7,6.0,0.0,.538,nan
,2011-12,UTSA,Non-member,4,6.0,0.0,.400,nan
,2012-13,UTSA,FBS,8,4.0,0.0,.667,nan
,2013-14,UTSA,FBS,7,5.0,0.0,.583,nan
,2014-15,UTSA,FBS,4,8.0,0.0,.333,nan
,2015-16,UTSA,FBS,3,9.0,0.0,.250,nan
Frank Wilson,2016-17,UTSA,FBS,6,7.0,0.0,0.462,nan
Frank Wilson,2017-18,UTSA,FBS,6,5.0,0.0,0.545,nan
Matt Wells,2013-14,Utah St.,FBS,9,5.0,0.0,0.643,nan
Matt Wells,2014-15,Utah St.,FBS,10,4.0,0.0,0.7140000000000001,nan
Matt Wells,2015-16,Utah St.,FBS,6,7.0,0.0,0.462,nan
Matt Wells,2016-17,Utah St.,FBS,3,9.0,0.0,0.25,nan
Matt Wells,2017-18,Utah St.,FBS,6,6.0,0.0,0.5,nan
Kyle Whittingham,2004-05,Utah,FBS,1,0.0,0.0,1.0,nan
Kyle Whittingham,2005-06,Utah,FBS,7,5.0,0.0,0.583,nan
Kyle Whittingham,2006-07,Utah,FBS,8,5.0,0.0,0.615,nan
Kyle Whittingham,2007-08,Utah,FBS,9,4.0,0.0,0.6920000000000001,nan
Kyle Whittingham,2008-09,Utah,FBS,13,0.0,0.0,1.0,nan
Kyle Whittingham,2009-10,Utah,FBS,10,3.0,0.0,0.769,nan
Kyle Whittingham,2010-11,Utah,FBS,10,3.0,0.0,0.769,nan
Kyle Whittingham,2011-12,Utah,FBS,8,5.0,0.0,0.615,nan
Kyle Whittingham,2012-13,Utah,FBS,5,7.0,0.0,0.41700000000000004,nan
Kyle Whittingham,2013-14,Utah,FBS,5,7.0,0.0,0.41700000000000004,nan
Kyle Whittingham,2014-15,Utah,FBS,9,4.0,0.0,0.6920000000000001,nan
Kyle Whittingham,2015-16,Utah,FBS,10,3.0,0.0,0.769,nan
Kyle Whittingham,2016-17,Utah,FBS,9,4.0,0.0,0.6920000000000001,nan
Kyle Whittingham,2017-18,Utah,FBS,6,6.0,0.0,0.5,nan
Derek Mason,2014-15,Vanderbilt,FBS,3,9.0,0.0,0.25,nan
Derek Mason,2015-16,Vanderbilt,FBS,4,8.0,0.0,0.33299999999999996,nan
Derek Mason,2016-17,Vanderbilt,FBS,6,7.0,0.0,0.462,nan
Derek Mason,2017-18,Vanderbilt,FBS,5,7.0,0.0,0.41700000000000004,nan
,2008-09,Richmond,FCS,13,3.0,0.0,.813,nan
,2009-10,Richmond,FCS,11,2.0,0.0,.846,nan
,2010-11,Virginia,FBS,4,8.0,0.0,.333,nan
,2011-12,Virginia,FBS,8,5.0,0.0,.615,nan
,2012-13,Virginia,FBS,4,8.0,0.0,.333,nan
,2013-14,Virginia,FBS,2,10.0,0.0,.167,nan
,2014-15,Virginia,FBS,5,7.0,0.0,.417,nan
,2015-16,Virginia,FBS,4,8.0,0.0,.333,nan
,2017-18,Howard,FCS,7,4.0,0.0,.636,nan
,1981-82,Murray St.,FCS,8,3.0,0.0,.727,nan
,1982-83,Murray St.,FCS,4,7.0,0.0,.364,nan
,1983-84,Murray St.,FCS,7,4.0,0.0,.636,nan
,1984-85,Murray St.,FCS,9,2.0,0.0,.818,nan
,1985-86,Murray St.,FCS,7,3.0,1.0,.682,nan
,1986-87,Murray St.,FCS,7,4.0,1.0,.625,nan
,1987-88,Virginia Tech,FBS,2,9.0,0.0,.182,nan
,1988-89,Virginia Tech,FBS,3,8.0,0.0,.273,nan
,1989-90,Virginia Tech,FBS,6,4.0,1.0,.591,nan
,1990-91,Virginia Tech,FBS,6,5.0,0.0,.545,nan
,1991-92,Virginia Tech,FBS,5,6.0,0.0,.455,nan
,1992-93,Virginia Tech,FBS,2,8.0,1.0,.227,nan
,1993-94,Virginia Tech,FBS,9,3.0,0.0,.750,nan
,1994-95,Virginia Tech,FBS,8,4.0,0.0,.667,nan
,1995-96,Virginia Tech,FBS,10,2.0,0.0,.833,nan
,1996-97,Virginia Tech,FBS,10,2.0,0.0,.833,nan
,1997-98,Virginia Tech,FBS,7,5.0,0.0,.583,nan
,1998-99,Virginia Tech,FBS,9,3.0,0.0,.750,nan
,1999-00,Virginia Tech,FBS,11,1.0,0.0,.917,nan
,2000-01,Virginia Tech,FBS,11,1.0,0.0,.917,nan
,2001-02,Virginia Tech,FBS,8,4.0,0.0,.667,nan
,2002-03,Virginia Tech,FBS,10,4.0,0.0,.714,nan
,2003-04,Virginia Tech,FBS,8,5.0,0.0,.615,nan
,2004-05,Virginia Tech,FBS,10,3.0,0.0,.769,nan
,2005-06,Virginia Tech,FBS,11,2.0,0.0,.846,nan
,2006-07,Virginia Tech,FBS,10,3.0,0.0,.769,nan
,2007-08,Virginia Tech,FBS,11,3.0,0.0,.786,nan
,2008-09,Virginia Tech,FBS,10,4.0,0.0,.714,nan
,2009-10,Virginia Tech,FBS,10,3.0,0.0,.769,nan
,2010-11,Virginia Tech,FBS,11,3.0,0.0,.786,nan
,2011-12,Virginia Tech,FBS,11,3.0,0.0,.786,nan
,2012-13,Virginia Tech,FBS,7,6.0,0.0,.538,nan
,2013-14,Virginia Tech,FBS,8,5.0,0.0,.615,nan
,2014-15,Virginia Tech,FBS,7,6.0,0.0,.538,nan
,2015-16,Virginia Tech,FBS,7,6.0,0.0,.538,nan
,2000-01,Texas Tech,FBS,7,6.0,0.0,.538,nan
,2001-02,Texas Tech,FBS,7,5.0,0.0,.583,nan
,2002-03,Texas Tech,FBS,9,5.0,0.0,.643,nan
,2003-04,Texas Tech,FBS,8,5.0,0.0,.615,nan
,2004-05,Texas Tech,FBS,8,4.0,0.0,.667,nan
,2005-06,Texas Tech,FBS,9,3.0,0.0,.750,nan
,2006-07,Texas Tech,FBS,8,5.0,0.0,.615,nan
,2007-08,Texas Tech,FBS,9,4.0,0.0,.692,nan
,2008-09,Texas Tech,FBS,11,2.0,0.0,.846,nan
,2009-10,Texas Tech,FBS,8,4.0,nan,.667,nan
,2012-13,Washington St.,FBS,3,9.0,0.0,.250,nan
,2013-14,Washington St.,FBS,6,7.0,0.0,.462,nan
,2014-15,Washington St.,FBS,3,9.0,0.0,.250,nan
,2015-16,Washington St.,FBS,9,4.0,0.0,.692,nan
,2016-17,Washington St.,FBS,8,5.0,0.0,.615,nan
,2017-18,Washington St.,FBS,9,3.0,0.0,.750,nan
Dana Holgorsen,2011-12,West Virginia,FBS,10,3.0,0.0,0.769,nan
Dana Holgorsen,2012-13,West Virginia,FBS,7,6.0,0.0,0.5379999999999999,nan
Dana Holgorsen,2013-14,West Virginia,FBS,4,8.0,0.0,0.33299999999999996,nan
Dana Holgorsen,2014-15,West Virginia,FBS,7,6.0,0.0,0.5379999999999999,nan
Dana Holgorsen,2015-16,West Virginia,FBS,8,5.0,0.0,0.615,nan
Dana Holgorsen,2016-17,West Virginia,FBS,10,3.0,0.0,0.769,nan
Dana Holgorsen,2017-18,West Virginia,FBS,7,5.0,0.0,0.583,nan
,2014-15,Western Ky.,FBS,8,5.0,0.0,.615,nan
,2015-16,Western Ky.,FBS,12,2.0,0.0,.857,nan
,2016-17,Western Ky.,FBS,10,3.0,0.0,.769,nan
,2017-18,Purdue,FBS,6,6.0,0.0,.500,nan
,2004-05,Idaho,FBS,3,9.0,0.0,.250,nan
,2005-06,Idaho,FBS,2,9.0,0.0,.182,nan
,2016-17,Western Ky.,FBS,1,0.0,0.0,1.000,nan
,2013-14,Western Mich.,FBS,1,11.0,0.0,.083,nan
,2014-15,Western Mich.,FBS,8,5.0,0.0,.615,nan
,2015-16,Western Mich.,FBS,8,5.0,0.0,.615,nan
,2016-17,Western Mich.,FBS,13,1.0,0.0,.929,nan
,2017-18,Minnesota,FBS,5,7.0,0.0,.417,nan
Barry Alvarez,1990-91,Wisconsin,FBS,1,10.0,0.0,0.091,nan
Barry Alvarez,1991-92,Wisconsin,FBS,5,6.0,0.0,0.455,nan
Barry Alvarez,1992-93,Wisconsin,FBS,5,6.0,0.0,0.455,nan
Barry Alvarez,1993-94,Wisconsin,FBS,10,1.0,1.0,0.875,nan
Barry Alvarez,1994-95,Wisconsin,FBS,8,3.0,1.0,0.708,nan
Barry Alvarez,1995-96,Wisconsin,FBS,4,5.0,2.0,0.455,nan
Barry Alvarez,1996-97,Wisconsin,FBS,8,5.0,0.0,0.615,nan
Barry Alvarez,1997-98,Wisconsin,FBS,8,5.0,0.0,0.615,nan
Barry Alvarez,1998-99,Wisconsin,FBS,11,1.0,0.0,0.917,nan
Barry Alvarez,1999-00,Wisconsin,FBS,10,2.0,0.0,0.833,nan
Barry Alvarez,2000-01,Wisconsin,FBS,9,4.0,0.0,0.6920000000000001,nan
Barry Alvarez,2001-02,Wisconsin,FBS,5,7.0,0.0,0.41700000000000004,nan
Barry Alvarez,2002-03,Wisconsin,FBS,8,6.0,0.0,0.5710000000000001,nan
Barry Alvarez,2003-04,Wisconsin,FBS,7,6.0,0.0,0.5379999999999999,nan
Barry Alvarez,2004-05,Wisconsin,FBS,9,3.0,0.0,0.75,nan
Barry Alvarez,2005-06,Wisconsin,FBS,10,3.0,0.0,0.769,nan
Barry Alvarez,2012-13,Wisconsin,FBS,0,1.0,nan,0.0,nan
Barry Alvarez,2014-15,Wisconsin,FBS,11,3.0,0.0,0.7859999999999999,nan
,2003-04,North Dakota St.,D-II,8,3.0,0.0,.727,nan
,2004-05,North Dakota St.,D-II,8,3.0,0.0,.727,nan
,2005-06,North Dakota St.,Non-member,7,4.0,0.0,.636,nan
,2006-07,North Dakota St.,Non-member,10,1.0,0.0,.909,nan
,2007-08,North Dakota St.,Non-member,10,1.0,0.0,.909,nan
,2008-09,North Dakota St.,FCS,6,5.0,0.0,.545,nan
,2009-10,North Dakota St.,FCS,3,8.0,0.0,.273,nan
,2010-11,North Dakota St.,FCS,9,5.0,0.0,.643,nan
,2011-12,North Dakota St.,Non-member,14,1.0,0.0,.933,nan
,2012-13,North Dakota St.,FCS,14,1.0,0.0,.933,nan
,2013-14,North Dakota St.,FCS,15,0.0,0.0,1.000,nan
,2014-15,Wyoming,FBS,4,8.0,0.0,.333,nan
,2015-16,Wyoming,FBS,2,10.0,0.0,.167,nan
,2016-17,Wyoming,FBS,8,6.0,0.0,.571,nan
,2017-18,Wyoming,FBS,7,5.0,0.0,.583,nan
Dave Christensen,2009-10,Wyoming,FBS,7,6.0,0.0,0.5379999999999999,nan
Dave Christensen,2010-11,Wyoming,FBS,3,9.0,0.0,0.25,nan
Dave Christensen,2011-12,Wyoming,FBS,8,5.0,0.0,0.615,nan
Dave Christensen,2012-13,Wyoming,FBS,4,8.0,0.0,0.33299999999999996,nan
Dave Christensen,2013-14,Wyoming,FBS,5,7.0,0.0,0.41700000000000004,nan
